jurisdiction,wb_code,unique_id,wb_region,income_group,population,level,year_imp,date_imp,last_update,update_detail,instrument,structure,basis_specific,basis_advalorem,products,carbonates,concentrates,energy_drinks,juice_unsweetened,juice_sweetened,milk_drinks,lcsb,water_unsweetened,exclusions,tiered,basis_tiers,bev,sug,pom,swe,threshold,rate,targeted,legislation,url_1,url_2,url_3,notes
"Albany, USA",USA,USA1,NAR,HIC,N/A,City,2017,4/30/17,N/A,N/A,Excise,Specific,Volume,N/A,"Soda, energy drinks, and RTD tea to which one or more added caloric sweeteners has been added, and containing at least 2 calories per fluid ounce.",1,1,1,0,1,0,0,0,"Milk-based drinks, LCSB, 100% fruit and/or vegetable juice ",0,N/A,0,0,0,0,1,US¢1 per ounce ,1,Ordinance No. 2016-02 of the City of Albany enacting a general tax on the distribution of sugar-sweetened beverage products,https://www.albanyca.org/home/showpublisheddocument?id=28928 ,,,
American Samoa,ASM,ASM,EAP,UMIC,45035,National,2001,6/1/01,N/A,N/A,Excise,Specific,Volume,N/A,Soft drinks or nonalcoholic carbonated beverages,1,0,1,0,0,0,1,0,"Items imported by the US, non-carbonated beverages",0,N/A,0,0,0,0,0,US$0.15/12oz (US$0.42/liter),1,American Samoa Code Annotated 11.1041.  Chapter 10 Excise tax on imports: Soft drink tax-Levy-Rate,https://new.asbar.org/code-annotated/11-1002-amount-of-tax-on-certain-items/,https://new.asbar.org/updated-annotated-code-by-title-as-of-august-2021/ ,,
Argentina TESTS,ARG,ARG,LAC,UMIC,45808747,National,1979,1/1/79,1/1/00,"Rate lowered from 24% to 4% on 16/04/1996 (Decree No. 404/96); increased to 8% on some beverage categories on 01/01/2000, remained at 4% on others. ",Excise,Ad valorem,N/A,Retail sale price,"Non-alcoholic beverages, carbonated or not; less than 100% fruit and vegetable juices; syrups for soft drinks, extracts and concentrates that due to their preparation and commercial presentation are sold for domestic consumption or in public places (bars, confectioneries, etc.), with or without the addition of water, soda or other beverages; and products intended for the preparation of non-alcoholic beverages not specifically covered for other internal taxes, whether natural or artificial, solid or liquid; mineral waters, mineralized or flavored, or not",1,1,1,0,1,0,1,1,"Pure fruit juices and fruit concentrates, pure vegetable juices, milk-based and whey-based drinks, non-carbonated herbal drinks with or without other additives",1,BEV,1,0,0,0,0,4% on beverages with >10% fruit juice or >5% lemon juice; 10% on beverages containing caffeine and taurine; 8% on all other SSB and on mineral waters ,0,"Ley 24.674 modificase la Ley de Impuestos Internos, Decreto N 2682/1979, Ley 27.430",https://www.argentina.gob.ar/sites/default/files/impuestosinternosal31082020.pdf ,http://biblioteca.afip.gob.ar/cuadroslegislativos/cuadroLegislativo.aspx?i=241#bAnalcoholicas ,http://servicios.infoleg.gob.ar/infolegInternet/anexos/35000-39999/38621/texact.htm ,
Bahrain,BHR,BHR,MENA,HIC,1463265,National,2017,12/30/17,N/A,N/A,Excise,Ad valorem,N/A,Retail sale price,"Any carbonated beverage except unflavored carbonated water; any concentrates, powder, gel, or extracts intended to be made in to a carbonated beverage",1,1,1,0,0,0,1,0,"Non-carbonated beverages, unsweetened water (carbonated or not)",1,BEV,1,0,0,0,0,100% on energy drinks; 50% on carbonated soft drinks,1,Law No. 40 of 2017,https://www.mofne.gov.bh/Tax.aspx?s=SI66 ,,,
Bangladesh,BGD,BGD,SAR,LMIC,169356251,National,2012,12/1/12,N/A,N/A,VAT/GST,Ad valorem,N/A,N/A,"Domestic: Carbonated SSB and energy drinks. Imports: All SSB and non-SSB, except concentrates",1,0,1,0,0,0,0,0,Domestic: Non-carbonated beverages. Imports: Concentrates,1,"BEV, POM",1,0,1,0,0,"Domestic: 25% ""Supplementary Duty"" (SD) on carbonated SSB; 35% on energy drinks. Imports: 150% SD on SSB under HS 2202; 20% on unsweetened waters (HS 2201) and juices (HS 2009)",1,VAT and Supplementary Duty Act 2012 (Act no. 48 of 2012),https://nbr.gov.bd/regulations/acts/vat-acts/eng ,https://nbr.gov.bd/uploads/acts/18.pdf ,,
Barbados ,BRB,BRB,LAC,HIC,281200,National,2015,8/1/15,4/1/22,Rate increased to 20% from 10%,Excise,Ad valorem,N/A,Ex-factory or CIF value,"Carbonated soft drinks, energy drinks, sports drinks, flavored milk, sweetened juice drinks, concentrates",1,1,1,0,1,1,0,0,"Beverages containing intrinsic sugars only, such as 100% natural fruit juice, coconut water, plain milk, and evaporated milk, plain water, LCSBs",0,N/A,0,0,0,0,0,20%,1,"Excise Tax Act 2015-32. Excise Tax (Amendment) (NO.3) Regulations 2017. 
",https://bra.gov.bb/News/Policy-Notes/Excise-Tax-on-Sweetened-Beverages.aspx ,https://www.barbadosparliament.com/uploads/document/d1efb84aac6a7abe4c6c0efcf8ceedd2.pdf ,,
Belgium ,BEL,BEL,ECA,HIC,11592952,National,2010,1/1/16,N/A,N/A,Excise,Specific,Volume,N/A,"All soft drinks, including nonalcoholic drinks and water containing added sugar or other sweeteners or flavors; flavored waters without added sugar or other sweeteners (plain, unflavored water excluded)",1,1,1,0,0,0,1,0,"Plain water, all fruit and vegetable juices under HS headings 2009 (whether sweetened or not), all milk and dairy products, and milk alternatives (soy, rice etc)",1,BEV,1,0,0,0,0,"€0.12 per liter on waters, including mineral waters and aerated waters containing added sugar or other sweetening matter; €0.068 per liter on flavored unsweetened waters; €0.41 per liter on liquid concentrates without added sugar/sweetener intended for the use of manufacturing soft drinks; €0.72 per liter on liquid concentrates with added sugar/sweetener; €0.68 per kg on unsweetened powders intended for the use of manufacturing soft drinks; €1.19 per kg on sweetened powders; €0.7 per kg on extracts, essences, and preparations based on coffee (HS 2101)",1,Loi relative au régime d'accise des boissons non alcoolisées et du café (21/12/2009),https://finances.belgium.be/fr/douanes_accises/entreprises/accises/informations-generales/taux-droits-daccise,https://lex.be/en/doc/be/fisconet-fiscal-discipline/21122009-loi-relative-au-regime-d-accise-des-boissons-non-alcoolisees-et-du-cafe-version-consolidee-1-january-2018-befp_20180101334d3db2_fr ,https://financien.belgium.be/sites/default/files/Customs/FR/Accises/PDF/2016-12-20-007927FR.pdf ,
Belize,BLZ,BLZ,LAC,UMIC,400031,National,2000,12/31/00,4/1/17,Rate increase,Excise,Specific,Volume,N/A,"Waters, including mineral waters and aerated waters, either containing or not containing added sugar or other sweetening matter or flavoured and other nonalcoholic beverages (HS 2201 and 2202)",1,0,1,0,0,0,1,1,"Fruit and vegetable juices, whether or not containing added sugar or other sweetening matter; Milk-based drinks",0,N/A,0,0,0,0,0,$0.76/Imp. Gal.,0,"Customs and Excise Duties Act, Chapter 48 of the Laws of Belize, Revised Edition 2011; Customs and Excise Duties (Amendment) Act N 8, 2016; Customs and Excise Duties (Amendment) Act N 29, 2017. ",https://www.customs.gov.bz/download/customsexcise_duties.pdf ,http://www.nationalassembly.gov.bz/wp-content/uploads/2017/04/Act-No.-29-of-2017-Customs-and-Excise-Duties-Amendment-Act-2017.pdf ,,
"Berkeley, CA, USA",USA,USA2,NAR,HIC,N/A,City,2016,3/1/16,N/A,N/A,Excise,Specific,Volume,N/A,"Soda, energy drinks, and heavily pre-sweetened tea to which one or more added caloric sweeteners has been added and that contains at least 2 calories per fluid ounce, as well as caloric sweeteners used to produce them ",1,1,1,0,1,0,0,0,"Milk-based drinks, LCSB, 100% fruit and/or vegetable juice ",0,N/A,0,0,0,0,1,US¢1 per ounce,1,"Ord. 7388-NS, City of Berkeley",http://www.healthyberkeley.com/about-berkeleys-tax-ordinance ,,,
Bermuda ,BMU,BMU,NAR,HIC,63867,National,2018,10/1/18,4/1/19,"Rate increase (excl. diet drinks) from 33.5% to 50% in Oct 2018, to 75% in April 2019",Import,Ad valorem,N/A,Import value ,"Waters, including mineral waters and aerated waters, containing added sugar or other sweetening matter or flavoring, and other nonalcoholic beverages (HS 2202); Preparations for making beverages, containing added sugar (HS 2106.901); Syrups containing added sugar (HS 2106.909)",1,1,1,0,0,1,1,0,"Unsweetened waters, juices ",1,BEV,1,0,0,0,0,75% on beverages under HS 2202.101 and syrups/concentrates (HS 2106.90); 15% on beverages under HS 2202.99 ('Other'),1,Customs Tariff Amendment (No 2) Act 2018,http://www.bermudalaws.bm/laws/Annual%20Laws/2019/Acts/Customs%20Tariff%20Amendment%20Act%202019.pdf ,,," 'Bermuda Discretionary Foods Tax' also applies to candies, pure sugar, syrups, chocolate, and cocoa preparations containing added sugar"
Bolivia,BOL,BOL,LAC,LMIC,12079472,National,2016,12/1/16,N/A,N/A,Excise,Specific,Volume,N/A,"Waters, including mineral waters and aerated waters, containing added sugar or other sweetening matter or flavoured (HS 2202)",1,0,1,0,0,0,1,0,"Unsweetened water, juices",1,BEV,1,0,0,0,0,"Bs. 5.19/L on non-alcoholic drinks and energy drinks (HS 2202.10); Bs. 0.46/L on ""Other"" (2202.99)",1,Directorio Actualización de la Alícuotas Específicas del ICE para la gestión 2019 N 101800000031 Decreto Supremo 0744 de diciembre 2010,https://impuestos.com.bo/rnd-27-19/ ,,,
Botswana ,BWA,BWA,AFR,UMIC,2588423,National,2021,4/1/21,N/A,N/A,Excise,Specific,Sugar,N/A,"Waters, including mineral waters and aerated waters, containing added sugar or other sweetening matter, or flavoured; non alcoholic beverages; fruit or vegetable juices",1,1,1,1,1,1,0,0,Non-alcoholic beverages not containing sugar,0,N/A,0,0,0,0,0,BWP 0.02 per g sugar in excess of 4g per 100ml,1,"Control of Goods, Prices and Other Charges Act (Sugar Sweetened Beverages) (Levy) Regulations 2021","https://www.botswanalaws.com/Botswana2021Pdfsi/Control%20of%20Goods,%20Prices%20and%20Other%20Charges%20Act%20(Sugar%20Sweetened%20Beverages)%20(Levy)%20Regulations,%202021-%20S.%20I.%20No.%2034%20of%202021.pdf ",,,
"Boulder, CA, USA",USA,USA3,NAR,HIC,N/A,City,2017,7/1/17,N/A,N/A,Excise,Specific,Volume,N/A,"Any nonalcoholic beverage which contains ≥5g of added caloric sweeteners (such as sugar and high-fructose corn syrup) per 12 fl. oz. Includes all drinks and beverages commonly referred to as ""soda,"" "" pop,"" ""cola,"" ""soft drinks,"" ""sports drinks,"" ""energy drinks,"" ""sweetened ice teas,"" ""sweetened coffees,"" or any other common names that are derivations thereof ",1,1,1,0,1,0,0,0,"Milk-based drinks, LCSB, 100% fruit and/or vegetable juice ",0,N/A,0,0,0,0,1,US¢2 per ounce,1,"Ord No. 8130, Sugar Sweetened Beverage Product Distribution Tax",https://library.municode.com/co/boulder/ordinances/municipal_code?nodeId=799970 ,,,
Brazil ,BRA,BRA,LAC,UMIC,214326223,National,1965,12/1/65,12/31/21,"Rate lowered from 27% to 4% in 2017 on flavored waters, juice drinks,  nectars, carbonates, low-calorie carbonates, energy drinks, and sports drinks; rate lowered from 20% to 4% in 2018 on concentrates and syrups, increased to 12% in 2019, lowered to 4% in 2021, to 2.6% in 2022; rate increased to 8% in 2022 on concentrates used for preparation of SSB under heading 2202. ",Excise,Ad valorem,N/A,Ex-factory or CIF value,"Waters (whether sweetened or not), carbonates, sports drinks, energy drinks, concentrates",1,1,1,0,0,0,1,1,"Juices, coconut and other plant waters, soy milk, RTD tea and coffee",1,BEV,1,0,0,0,0,"2.6% on beverages under HS 2202, and carbonated unsweetened waters under 2201; 8% on concentrates under heading 2016.90.10 for preparing drinks of heading 2202 2",0,"Imposto Sobre Produtos Industrializados (IPI) established by Consitutional Amendment No. 18 of Dec 1, 1965; Lei No. 5.368 of 1st December 1967; Decreto-Lei nº 116-A, de 27 de janeiro de 1967. Altera alíquotas do Imposto sôbre Produtos Industrializados [Decree-Law No. 116-A, of January 27, 1967. Changes the rates of Tax on Industrialized Products]; Decreto nº 11.158/2022 Aprova a Tabela de Incidência do Imposto sobre Produtos Industrializados - TIPI; Decreto nº 11.182/2022 Altera a Tabela de Incidência do Imposto sobre Produtos Industrializados - TIPI, aprovada pelo Decreto nº 11.158, de 29 de julho de 2022. IPI rates vary by product and are higher on 'non-essentials' like tobacco and alcohol products, and perfumes. Functions like a VAT-type tax for some products in that the amount paid in earlier production stages can be used as tax credits in later production stages. SSB manufacturers located in the Manaus Duty-Free Zone are exempt from paying IPI and receive IPI accumulated credits that can be used to pay other federal taxes. ",https://www2.camara.leg.br/legin/fed/declei/1960-1969/decreto-lei-116-a-27-janeiro-1967-375797-publicacaooriginal-1-pe.html ,https://www.planalto.gov.br/ccivil_03/Leis/1950-1969/L5368.htm ,https://www.gov.br/receitafederal/pt-br/acesso-a-informacao/legislacao/legislacao-por-assunto/tipi-tabela-de-incidencia-do-imposto-sobre-produtos-industrializados ,IPI is a federal excise tax levied on most imported and manufactured products 
"British Columbia, Canada",CAN,CAN2,NAR,HIC,N/A,State/Province,2021,4/1/21,N/A,N/A,Sales,Ad valorem,N/A,Retail sale price,"Soda beverages (carbonated or effervescent beverages that have bubbles or fizz and contain sugar, naturally occurring sweeteners, added natural sweeteners, or artificial sweeteners)",1,0,1,0,0,0,1,0,"Plain bottled water (still and carbonated), sparkling flavored waters that contain no sweeteners, still fruit juices (not carbonated), frozen sweetened beverages that are not carbonated",0,N/A,0,0,0,0,0,7% Provincial Sales Tax (PST),1,British Columbia Provincial Sales Tax Act 2012,https://www2.gov.bc.ca/assets/gov/taxes/sales-taxes/publications/notice-2021-002-sellers-soda-beverages.pdf ,,,All food products and non-soda beverages are exempt from Provincial Sales Tax
Brunei Darussalam,BRN,BRN,EAP,HIC,445373,National,2017,4/1/17,N/A,N/A,Excise,Specific,Volume,N/A,"All sugar-sweetened soft drinks under HS2202, soy milk-based drinks, malted or chocolate drinks, coffee-based or flavored drinks",1,0,1,0,0,0,0,0,"Milk-based drinks, fruit or vegetable juices under HS 2009, plain water",0,N/A,0,0,0,0,1,BND 0.40 per liter on SSB with >6 g total sugar per 100 ml; soy milk drinks with >7 g total sugar per 100 ml ; malted or chocolate drinks with >8 g total sugar per 100 ml; coffee-based or flavored drinks with ≥6 g per 100 ml; 5% on tea and coffee preparations (HS 2101),1,"Excise Duties (Amendment] [No. 2) Order, 2017 ",https://www.mofe.gov.bn/Customs/Custom-Import-Duty.aspx   ,https://www.agc.gov.bn/AGC%20Images/LAWS/Gazette_PDF/2017/EN/S027.pdf ,,
Burkina Faso,BFA,BFA,AFR,LIC,22100683,National,1995,11/15/95,1/1/19,Rate increase from 10% to 15%,Excise,Ad valorem,N/A,Ex-factory or CIF value,"Non-alcoholic beverages, excluding unsweetened water and fruit and vegetable juices produced in Burkina Faso from local raw materials",1,1,1,1,1,1,1,0,Fruit and vegetable juices produced in Burkina Faso from local raw materials; plain water,0,N/A,0,0,0,0,0,15%,1,"Code général des impôts, Loi n° 47/97/ADP du 15/11/95; Loi de finances 2019",https://www.impots.gov.bf/,https://businessprocedures.bf/media/Code%20des%20imp%C3%B4ts%20du%20Burkina%20Faso.pdf ,,
Burundi,BDI,BDI,AFR,LIC,12551213,National,2012,6/1/12,N/A,N/A,Excise,Mixed,Volume,Ex-factory or CIF value,"Lemonades, sodas, fruit juices, and other non-alcoholic beverages  ",1,1,1,1,1,0,1,1,Milk-based drinks,1,BEV,1,0,0,0,0,"13% on mineral waters (whether or not flavored); FBU 30,000/HL on SSBs",0,Article 23 of Budget Law Fiscal Year 2015,https://www.cabri-sbo.org/en/documents/law-no-1-36-of-31-december-2014-determining-the-general-budget-of-the-republic-of-burundi-for-the-financial-year-2015 ,https://www.eac.int/customs/tariff-regimes ,,
Cambodia,KHM,KHM,EAP,LMIC,16589023,National,1997,3/4/03,N/A,N/A,Excise,Ad valorem,N/A,Ex-factory or CIF value,"All types of beverages, including soft drinks",1,1,1,1,1,1,1,1,None,0,N/A,0,0,0,0,0,10%,0,"Law on Amendment of Law of Taxation of 2003, Art. 85, Ch. 4 - Specific Tax on Certain Merchandise and Services",https://cdc.gov.kh/laws-and-regulations/ ,https://cdc.gov.kh/wp-content/uploads/2022/05/Law-on-Taxation-of-2004_0401.pdf ,,
Cameroon,CMR,CMR,AFR,LMIC,27198628,National,2019,1/1/19,N/A,N/A,Excise,Mixed,Volume,Ex-factory or CIF value,Soft drinks under HS 2202; imported mineral water (HS 2201),1,0,1,0,0,0,1,1,"Local mineral water, juice",1,POM,0,0,1,0,0,25% on carbonated beverages under HS 2202 and imported mineral waters (HS 2201). Additional 2.5 CFA francs per centiliter on imported non-alcoholic beverages,0,"Article 142(11) of the General Tax Code, as modified by Finance Law 2019",https://www.impots.cm/uploads/Telechargement/GENERAL_TAX_CODE_DGI_2019.pdf,,,
"Catalonia, Spaiin",ESP,ESP1,ECA,HIC,N/A,State/Province,2017,5/1/17,N/A,N/A,Excise,Specific,Volume,N/A,"Soft drinks, flavored water, chocolate drinks, sports drinks, cold tea and coffee drinks, energy drinks, fruit nectar drinks, vegetable drinks, sweetened milk, alternative milk drinks, milkshakes, and milk drinks with fruit juice",1,1,1,0,1,1,0,0,"Natural fruit juices, sugar-free soft drinks, and alternatives to milk with no added caloric sweeteners ",1,SUGAR  ,0,1,0,0,1,"€0.08 per liter for drinks with 5–8 g per 100 ml sugar, €0.12 per liter for drinks with >8 g per 100 ml",1,"Ley 5/2017 de 28 de marzo on fiscal, administrative, financial and public sector measures (DOGC no. 7340, of 03.30.2017) - Impuesto sobre bebidas azucaradas envasadas",https://www.boe.es/eli/es-ct/l/2017/03/28/5 ,https://atc.gencat.cat/es/tributs/ibee/ ,https://portaljuridic.gencat.cat/eli/es-ct/l/2017/03/28/5 ,Mandatory 100% pass-through of tax to final consumer 
Central African Republic,CAF,CAF,AFR,LIC,5457154,National,2019,1/1/19,N/A,N/A,Excise,Ad valorem,N/A,Ex-factory or CIF value,"Imported non-alcoholic beverages, excluding mineral water",1,1,1,1,1,1,1,0,"Imported plain water, and all locally-produced products.  ",0,N/A,0,0,0,0,0,10%,1,Code Général des Impôts (General Tax Code); Finance Law 2019,http://finances.gouv.cf/finances/les-lois-de-finances-ldf?order=field_date_creation&sort=desc,,,
Chad,TCD,TCD,AFR,LIC,17179740,National,2019,1/1/19,N/A,N/A,Excise,Ad valorem,N/A,Ex-factory or CIF value,Sweetened beverages and carbonated waters (whether sweetened or not),1,1,1,0,1,1,1,1,"Non-carbonated water, unsweetened juices",0,N/A,0,0,0,0,0,5%,0,Loi No 037/PR/2018 Portant Budget Général de I'Etat pour 2019,https://finances.gouv.td/index.php/publications/lois-des-finances?view=simplefilemanager&id=153%20,https://finances.gouv.td/index.php/publications/lois-des-finances ,,
Chile ,CHL,CHL,LAC,HIC,19493184,National,2014,10/1/14,N/A,N/A,Excise,Ad valorem,N/A,Retail sale price,All nonalcoholic drinks with added sweeteners including energy drinks and waters ,1,1,1,0,1,0,1,0,"100% fruit juice, dairy-based beverages, unsweetened waters",1,SUGAR  ,0,1,0,0,0,10% on SSB with <6.25 g total sugar per 100 ml; 18% on SSB with >6.25 g total sugar per 100 ml ,1,"Decreto de ley N 825;  Ley N 20780 Sep 2014; Ley N 21.045, D.O. 3 nov 2017",https://www.bcn.cl/leychile/navegar?idNorma=1071503 ,,,
"Congo, DR",COD,COD,AFR,LIC,95894118,National,2018,3/13/18,N/A,N/A,Excise,Ad valorem,N/A,Ex-factory or CIF value,"Fruit and vegetable juices with or without added sugar or other sweetener, and drinks based on fruit or vegetable juices; lemonades; other sweetened drinks, flavored or not; natural or artificial mineral water, aerated or not",1,1,1,1,1,1,1,1,None,1,BEV,1,0,0,0,0,"10% on fruit and vegetable juices with or without added sugar or other sweetener, drinks based on fruit or vegetable juices, lemonades, and other sweetened drinks, flavored or not; 5% on natural or artificial mineral water, treated and/or packaged, aerated or not",1,Loi no. 18-002 portant Code des accises,https://www.leganet.cd/Legislation/Dfiscal/Accisices/Loi%2013%20mars%202018.pdf ,,,
Cook Islands,COK,COK,EAP,N/C,N/A,National,2014,7/1/14,N/A,N/A,Excise,Specific,Sugar,N/A,Beverages containing added sugars,1,0,1,0,0,0,0,0,"LCSBs, juices, unsweetened unflavored water, milk-based drinks, tea and coffee-based drinks, concentrates",0,N/A,0,0,0,0,0,NZD$9·37 per 1 kg of sugar,1,Cook Islands Excise Duty Table 2018; Cook Islands Harmonised Tariff 2017 - Consolidated to June 2018; Cook Islands Customs Tariff Act 2012; Cook Islands Import Levy Amendment Act 1977,http://www.mfem.gov.ck/images/documents/RMD_Docs/Customs/Legislation/Customs_Tariff_Chapter_1_-_Chapter_24.pdf ,https://www.mfem.gov.ck/customs/legislation-customs ,https://prdrse4all.spc.int/sites/default/files/the_cook_islands_government_2013_tax_review_full_report.pdf ,
Costa Rica,CRI,CRI,LAC,UMIC,5153957,National,2001,1/1/01,1/1/21,Rate increase,Excise,Specific,Volume,N/A,All packaged beverages without alcohol content except milk,1,1,1,1,1,1,1,1,Plain milk   ,1,BEV,1,0,0,0,0,"Colónes 19.76 per consumption unit on carbonates and concentrates, 14.66 per unit on all other packaged drinks incuding water, 6.83 per unit on water in containers of >18 liters",0,"Ley de Simplificación y Efficiencia Tributarias N 8114 of 4 July 2001; Decreto Ejecutivo N 41798-H of 5 June 2019, Decree No. 42753-H of December 22, 2020, Executive Decree No. 43223-H of October 5, 2021",http://www.pgrweb.go.cr/ ,https://www.imprentanacional.go.cr/pub/2019/04/01/ALCA75_01_04_2019.pdf ,,"Updated quarterly (Jan, April, July, Oct)"
Côte d'Ivoire,CIV,CIV,AFR,LMIC,27478249,National,2018,1/1/18,N/A,N/A,Excise,Ad valorem,N/A,Ex-factory or CIF value,"Energy drinks and other non-alcoholic beverages, exlcuding unsweetened water",1,1,1,1,1,1,1,0,Unsweetened water,0,N/A,0,0,0,0,0,20%,1,Loi de finances pour 2018. Loi n°2017‐870 du 27 décembre 2017, http://dgi.cgici.com/indexs.htm ,https://www.budget.gouv.ci/doc/loi/ANNEXE%20FISCALE%202018.pdf ,,
Croatia,HRV,HRV,ECA,HIC,3899000,National,1994,7/1/94,3/19/20,"Uniform volume-specific tax of HRK 40 per HL replaced in 2020 with tiered structure, with drinks containing caffeine, methylxanthine, and taurine, and high-sugar drinks, subject to higher tier; rate lowered on low/no sugar drinks ",Excise,Specific,Volume,N/A,"Non-alcoholic beverages imported or produced in the territory of the Republic of Croatia, including syrups, powders and granules intended for preparation of non-alcoholic beverages; fruit juices, fruit base, herbal extracts, cereals or whey, artificial non-alcoholic beverages and low-energy non-alcoholic beverage",1,1,1,1,1,1,1,0,Beverages containing < 2 g sugar,1,"BEV, SUGAR",1,1,0,0,1,"SSBs not containing taurine or methylxanthine: HRK 10/hl on SSB containing 2-5g sugar, HRK 30/hl on beverages containing 5-8g sugar, HRK 60/hl on beverages containing >8g sugar. Beverages containing < 2 g sugar exempt. 
SSB containing taurine: HRK 200/hl; Concentrates and syrups containing taurine: HRK 1,400/hl
SSB containing >15mg/100ml methylxanthines: HRK 80/hl 
Concentrates and syrups containing >15mg/100ml methylxanthines: HRK 560/hl",1,"Special tax on non-alcoholic beverages Act – Zakon o posebnom porezu na bezalkoholna pića – „Narodne novine“ (Official Gazette of the Republic of Croatia No. 51/94, 139/97, 127/00, 107/01, 136/02, 72/13, 121/19, and 22/20 – consolidated version) ",https://narodne-novine.nn.hr/clanci/sluzbeni/2020_03_33_717.html  ,https://narodne-novine.nn.hr/clanci/sluzbeni/1994_07_51_902.html ,,
Dominica ,DMA,DMA,LAC,UMIC,72412,National,2015,9/1/15,N/A,N/A,Excise,Mixed,Volume,Ex-factory or CIF value,"Soft drinks and other sweetened drinks, including energy drinks, beverages containing cocoa, malt beverages, and other (HS codes 2202.10 and 2202.90)",1,1,1,0,0,0,1,0,"Plain water, juices ",1,BEV,1,0,0,0,0,"$0.20 per liter on carbonated soft drinks, $0.63 per liter on malt beverages, 10% on energy and other drinks under HS 2202",1,"Excise Tax Act 8, 2005. Excise Tax (Amendment), SRO N 28 of 2015. ","http://www.dominica.gov.dm/laws/2015/Excise%20Tax%20%20(Amd)%20Order,%202015.pdf ",,, Tax also applies to foods with high sugar content 
Ecuador ,ECU,ECU,LAC,UMIC,17797737,National,2016,5/1/16,N/A,N/A,Excise,Mixed,Sugar,Retail sale price,"Non-alcoholic sweetened beverages and soft drinks, including syrups and concentrates for preparing them",1,1,1,0,0,0,1,0,"Dairy products and their derivatives, mineral water, and juices that have 50% of natural content.  ",1,"BEV, SUGAR",1,1,0,0,0,10% on SSB with ≤25 g sugar per liter and on all energy drinks; US$0.18 per 100g of sugar on drinks (excl. energy drinks) with >25 g sugar per liter ,1,Ley Orgánica para el Equilibrio de las Finanzas Públicas 2016,http://www.asamblea.go.cr/sd/Documents/CEDIL/ALERTA%20MAYO%202018/LOEFP%C3%BAblicasEcuador.pdf ,https://www.sri.gob.ec/impuesto-consumos-especiales ,,
El Salvador,SLV,SLV,LAC,LMIC,6314167,National,2010,1/1/10,N/A,N/A,Excise,Mixed,Volume,Retail sale price,"All carbonates whether sweetened or not, all other SSBs except those containing >20%  milk",1,1,1,1,1,0,1,0,"SSB containing more than 20% milk, plain (unsweetened uncarbonated) bottled water",1,BEV,1,0,0,0,0,"10% plus USD$0.20 per liter on energy drinks; 10% on carbonates and concentrates used in their preparation; 5% on sports drinks, juices, juice drinks, and concentrates used in their preparation",1,Decreto N 237 de 2010,https://www.jurisprudencia.gob.sv/DocumentosBoveda/D/2/2000-2009/2009/12/888FD.PDF ,,,
Equatorial Guinea,GNQ,GNQ,AFR,UMIC,1634466,National,2020,1/1/20,N/A,N/A,Excise,Specific,Volume,N/A,"Cola or fruit drinks; fruit juices and nectars; beverages with added sugar, syrup or energy; any beveraged intended for human consumption and containing less than 1% alcohol, excl. plain water",1,1,1,1,1,1,1,0,Unsweetened water,0,N/A,0,0,0,0,0,XAF 100/L,1,"Finance Law 2020, no.5/2019",http://www.droit-afrique.com/uploads/GE-LF-2022.pdf,,,
Ethiopia,ETH,ETH,AFR,LIC,120283026,National,2003,1/1/03,2/14/20,"Rates lowered from 40% to 25% on all SSB (excl. fruit juices, including powders), and from 30% to 10% on bottled water ",Excise,Ad valorem,N/A,Ex-factory or CIF value,"All types of waters with or without added sugar or other sweeteners, and soft drink powders",1,1,1,0,0,0,1,1,Fruit and vegetable juices,1,BEV,1,0,0,0,0,"25% on SSB (HS heading 2202), soft drink powder (HS 2106.9040), and non-alcoholic beer (HS 2202.9990); 10% on unsweetened waters (HS 2201)",1,Excise tax proclamation 1186/2020,https://www.lawethiopia.com/images/EXCISE%20TAX%20PROCLAMATION.pdf,,,"Tax also applies to fats and oils, sugar and sugar confectionary, chocolate and food preparation containing cocoa"
Fiji ,FJI,FJI,EAP,UMIC,924610,National,1986,11/1/86,7/18/20,"Extended beyond carbonated soft drinks to include all sweetened beverages (with added sugar or artificial sweetener) in 2015; rate increased from FJ$0.10 per liter to FJ$0.30 per liter in 2016, to FJ$0.35 per liter in 2017. Sweetened or flavored milk excluded in 2020. ",Excise,Specific,Volume,N/A,"SSB, including carbonated and noncarbonated drinks sweetened with sugar or artificial sweeteners; excl. milk-based drinks",1,1,1,0,1,0,1,0,"Water, milk -based drinks, 100% juice",0,N/A,0,0,0,0,0,Domestic: FJ$0.35/L on SSB. Imports: 32% fiscal duty on SSB; 32% fiscal duty + 15% import excise on unsweetened waters under HS 2201; 5% fiscal duty on concentrates,1,"Excise Act 1986; Excise (Budget Amendment) Act 2017, ACT NO 34 OF 2017, Excise (Budget Amendment) Act  No. 22 of 2020",https://www.frcs.org.fj/wp-content/uploads/2020/08/Excise-Act-1986-Revised-31-July-2020.pdf ,https://www.parliament.gov.fj/wp-content/uploads/2020/08/Act-22-Excise-Budget-Amendment.pdf ,,
Finland,FIN,FIN,ECA,HIC,5541017,National,2011,1/1/11,N/A,N/A,Excise,Specific,Volume,N/A,"All nonalcoholic beverages, including water beverages, juices, concentrates and powders intended for preparing beverages, sports drinks, energy gels, and soy and oat beverages",1,1,1,1,1,1,1,1,Unflavored milk,1,BEV,1,0,0,0,0,"€0.13 per liter on sugar-free soft drinks (LCSBs) under HS2202 and unsweetened mineral waters under HS2201; €0.32 per liter on sugar-containing soft drinks under HS2202; €0.32 per liter on juices under HS 2009, €0.13 per liter on sugar-free juices under HS 2009; €2.04/kg on solid concentrates under HS2106, €1.13/kg on sugar-free solid concentrates. ",1,"Excise Tax Act, 19/03/2010; Law on soft drink tax, 17/12/2010",https://finlex.fi/fi/laki/smur/2010/20100182 ,https://finlex.fi/fi/laki/ajantasa/2010/20101127 ,,
France (and overseas departments and regions),FRA,FRA,ECA,HIC,67749632,National,2012,1/1/12,1/1/18,Uniform volume-specific tax replaced with current design,Excise,Specific,Volume,N/A,"Non-alcoholic beverages containing added sugar or sweeteners under HS2202 and HS 2009, including sodas, fruit drinks, flavored waters, and ‘light’ drinks",1,0,1,0,1,0,1,0,"100% juices, milk-based drinks, concentrates",1,SUGAR  ,0,1,0,0,0,"Sliding scale tax starting at €0.03 per L for beverages containing ≤1 g sugar per 100 ml, up to €0.2412 per L for beverages containing 15g sugar per L. Additional €0.0205 per kg added sugar on beverages containing >15g sugar per L; €0.03 per L on non-calorically sweetened drinks; €0.0054 per L on natural or artificial waters. ",1,Code general des impôts: Article 1613 (General Tax Code: Article 1613). ,https://www.legifrance.gouv.fr/codes/article_lc/LEGIARTI000025051331/2011-12-30 ,,,
French Polynesia ,PYF,PYF,EAP,HIC,304032,National,2002,1/1/02,1/1/20,Import tax and uniform production tax of on domestic products replaced with current design,Excise,Specific,Volume,N/A,All sweetened drinks,1,1,1,0,1,1,0,0,"Plain water, plain milk, 100% juices, LCSBs",1,"SUGAR, POM",0,1,1,0,1,"Local: 0 to 4.99g sugar/100ml: 0 CFP/L, 5 to 9.99g/100ml: 20 CFP/L, 10 to 29.99g/100ml: 30 CFP/L, 30 to 39.99g/100ml: 45 CFP/L, 40g/100ml+: 60 CFP/L. Imports: 0 to 4.99g sugar/100ml: 0 CFP/L, 5 to 9.99g/100ml: 20 CFP/L, 10 to 29.99g/100ml: 40 CFP/L, 30 to 39.99g/100ml: 60 CFP/L, 40g/100ml+: 80 CFP/L",1,"Taxe sur la production de boissons alcoolisées et de certains produits sucrés; Country Law n ° 2019-21 of July 1, 2019 amending the consumption tax regime for prevention",https://www.impot-polynesie.gov.pf/code/4-taxe-sur-la-production-des-boissons-alcoolisees-et-de-certains-produits-sucres ,,,
Gabon,GAB,GAB,AFR,UMIC,2341179,National,2013,1/1/13,N/A,N/A,Excise,Ad valorem,N/A,Ex-factory or CIF value,Sweetened drinks,1,1,1,0,1,1,1,0,Unsweetened water,0,N/A,0,0,0,0,0,5%,1,"Code Général des Impôts (General Tax Code) 2013, 2019",http://www.dgi.ga/object.getObject.do?id=3168 ,,,
"Gambia, The",GMB,GMB,AFR,LIC,2639916,National,2010,1/1/10,N/A,N/A,Excise,Specific,Volume,N/A,Fruit juices and other non-alcoholic beverages,1,1,1,1,1,1,1,1,None,0,N/A,0,0,0,0,0,D5/L ,0,"Customs and Excise Act, Twelfth Schedule",https://docs.wto.org/dol2fe/Pages/SS/directdoc.aspx?filename=Q:/WT/TPR/S233-04.pdf&Open=True ,https://gra.gm/sites/forms ,,
Grenada,GRD,GRD,LAC,UMIC,124610,National ,2023,3/1/23,N/A,N/A,VAT/GST,Ad valorem ,N/A,N/A,"Carbonated and soft drinks, and drinks with added sugar",1,1,1,0,0,1,1,0,Unsweetened water,0,N/A,0,0,0,0,0,20% (increase from 15% standard rate),1,Value Added Tax Act 23/2009,https://laws.gov.gd/index.php?option=com_edocman&task=document.viewdoc&id=356&Itemid=189 ,https://www.finance.gd/index.php/budget#budget-2023 ,,
Guatemala,GTM,GTM,LAC,UMIC,17109746,National,2002,1/1/02,N/A,N/A,Excise,Specific,Volume,N/A,"Carbonated drinks, isotonic or sports drinks, juices and nectars, yogurts, concentrated or powdered preparations for the production of beverages and bottled natural water",1,1,1,1,1,1,1,1,Natural water in packages over 4L ,1,BEV,1,0,0,0,0,"GTQ$ 0.18 per liter on carbonates, and syrups and concentrates used to produce them; GTC$0.12 on isotonic or sports drinks; GTC$0.10 on juices and nectars, and yoghurt drinks; GTC$0.08 on natural water in containers up to 4L",1,Decreto N 09-2002; Expendiente acumulado 404 y 492-2002,"https://docs.bvsalud.org/leisref/2018/03/170/gtm-decreto-09-2002-impuesto-selectivo-bebidas-gaseosas.pdf#:~:text=Se%20aprueba%20el%20impuesto%20espec%C3%ADfico,nacional%20o%20que%20sean%20importadas ",,,
Honduras,HND,HND,LAC,LMIC,10278345,National,2010,4/22/10,N/A,N/A,Excise,Specific,Volume,N/A,SSB under HS2202   ,1,0,1,0,0,1,1,0,"Juices, unsweetened water, plain milk",0,N/A,0,0,0,0,0,HNL. 0.893137 per liter,1,Decreto 17-2010 Ley de fortalecimiento de los ingresos equidad social y racionalización del gasto público; Acuerdo Número 172-2022,https://www.sar.gob.hn/download/decreto-17-2010-no-32193-del-22-de-abril-de-2010-contentivo-de-la-ley-de-fortalecimiento-de-los-ingresos-equidad-social-y-racionalizacion-del-gasto-publico-mediante-la-cual-se-reforman-los-articu/ ,"https://www.sar.gob.hn/download/acuerdo-numero-172-2022-numero-35877-de-fecha-19-de-marzo-2022-contentivo-de-el-impuesto-de-produccion-y-consumo-que-recae-sobre-los-cigarrillos-bebidas-gaseosas-bebidas-alcoholicas-y-otras-bebid/#:~:text=marzo%2031%2C%202022-,Acuerdo%20Numero%20172%2D2022%2C%20numero%2035%2C877%20de%20fecha%2019%20de,Superior%20o%20Igual%20al%2080%25 ",,
Hungary ,HUN,HUN,ECA,HIC,9709891,National,2011,1/1/11,1/1/19,Rates increased  ,Excise,Specific,Volume,N/A,SSB under HS 2009 and 2202 containing >8g sugar per 100ml; concentrates used to sweeten drinks,1,1,1,0,1,0,0,0,Drinks containing < 8g sugar per 100ml; drinks with >25% fruit content or >50% milk content ,1,BEV,1,0,0,0,1,HUF 15 per liter on RTD soft drinks with > 8g sugar per 100ml; HUF 240 per liter on concentrated syrups used to sweeten drinks; HUF 50 per liter on energy drinks with methylxanthine > 1mg/100ml; HUF 300 per liter on energy drinks with methylxanthine content > 15mg/100ml; HUF 85 per kg on sugared cocoa powder,1,Act CIII of 2011 on Public Health Product Tax,http://njt.hu/cgi_bin/njt_doc.cgi?docid=139165.357212#foot1 ,,,"Tax  also applies to salt and caffeine content of various categories of sugar-sweetened prepackaged, ready-to-eat foods, and salty snacks "
India,IND,IND,SAR,LMIC,1407563842,National,2017,7/1/17,N/A,N/A,VAT/GST,Ad valorem,N/A,N/A,All non-alcoholic beverages except coconut water,1,1,1,1,1,1,1,1,Coconut water,1,BEV,1,0,0,0,0,"28% on sweetened water-based and caffeinated beverages (HS 2202.99.90), 18% on unsweetened waters (HS 2201); 12% on fruit juices, whether or not containing sweeteners (HS 2009), soya milk drinks (2202.90.19), fruit pulp or fruit juice based drinks (2202.90.20),  and beverages containing milk (2202.90.30). Additional 12% compensation cess applies on sweetened carbonated waters (HS 2202.10.10)",1,"Central Goods and Services Tax Act, 2017",https://cbic-gst.gov.in/gst-goods-services-rates.html,http://gstcouncil.gov.in/sites/default/files/NOTIFICATION%20PDF/goods-rates-booklet-03July2017.pdf ,https://mofpi.nic.in/sites/default/files/regst_rate_wise_food_products_1_0.pdf ,
Ireland,IRL,IRL,ECA,HIC,5033165,National,2018,5/1/18,1/1/19,Extended beyond water and juice based drinks to include certain plant protein drinks and drinks containing milk fats,Excise,Specific,Volume,N/A,"Nonalcoholic, water-based (HS 2202), and fruit-based (HS2009) drinks with added sugar content ≥5 g per 100 ml; Plant protein drinks and drinks containing milk fats (that fall under HS2202) with <119mg calcium per 100ml; Concentrates intended for preparation",1,1,1,0,1,1,0,0,"100% fruit juices, plant protein and milk-based drinks with calcium content > 119mg/l, LCSB, plain water",1,SUGAR  ,0,1,0,0,1,16.26 €/hectoliter on drinks containing 5-8 g sugar per 100 ml; 24.39 €/hectoliter on drinks containing ≥8 g sugar per 100 ml,1,"Finance Act 2017, Sugar Sweetened Drinks Tax; Sugar sweetened drinks tax (SSDT) compliance procedures manual 2020",https://www.revenue.ie/en/companies-and-charities/excise-and-licences/sugar-sweetened-drinks-tax/index.aspx ,https://www.revenue.ie/en/tax-professionals/tdm/excise/sugar-sweetened-drinks-tax/sugar-sweetened-drinks-tax-general-ssdt-compliance-procedures-manual.pdf ,https://www.irishstatutebook.ie/eli/2017/act/41/enacted/en/html ,
Isle of Man,IMN,IMN,ECA,HIC,84263,National,2019,4/1/19,N/A,N/A,Excise,Specific,Volume,N/A,"Any prepackaged soft drink with added sugar containing at least 5g total sugars per 100 ml. Added sugar defined as mono or disaccharides, or anything (other than fruit juice, vegetable juice and milk) that contains sugar, such as honey",1,1,1,0,1,0,0,0,"Milk-based drinks with >75% milk, milk substitute drinks (e.g. plant based milks), pure fruit juices or any other drinks with no added sugar, alcohol substitute drinks, LCSB, and soft drinks of a specified description which are for use for medicinal or other specified purposes. Producers with <1 million liters/year exempt.  ",1,SUGAR  ,0,1,0,0,1, ₤0.18 per liter (US$0.25) on drinks with 5–8 g total sugar per 100 ml; ₤0.24 per liter (US$0.34) on drinks with >8 g total sugar per 100 ml ,1,"Finance Act 2017, Soft Drinks Industry Levy Regulations 2018",https://www.legislation.gov.uk/ukpga/2017/10/section/58A ,,,
Kenya,KEN,KEN,AFR,LMIC,53005614,National,2015,1/1/15,N/A,N/A,Excise,Specific,Volume,N/A,All soft drinks,1,1,1,1,1,1,1,1,None,1,BEV,1,0,0,0,0,Shs. 13.30 per L on juices (whether or not containing added sugar or other sweetener); Shs. 5 per L on other non-alcoholic beverages,0,Act No 23 of 2015 - Excise Duty ,http://kenyalaw.org/kl/fileadmin/pdfdownloads/Acts/ExciseDutyActNo23of2015.pdf,https://eregulations.invest.go.ke/media/excise%20duty%20act%202015.pdf,http://kenyalaw.org:8181/exist/kenyalex/actview.xql?actid=No.%2023%20of%202015,
Kiribati,KIR,KIR,EAP,LMIC,128874,National,2014,4/1/14,N/A,N/A,Excise,Ad valorem,N/A,Ex-factory or CIF value,"Nonalcoholic beverages, including mineral and aerated waters, that contain added sugar, other sweeteners, or flavorings under HS 2202",1,0,1,0,0,1,1,0,"Juices, concentrates, unsweetened water",0,N/A,0,0,0,0,0,40%,1,"Excise Tax Act, 2013; Excise Tax Rates Order 2014",https://kiribati.tradeportal.org/media/Excise%20Tax%20Act%202013.pdf ,https://untobaccocontrol.org/impldb/wp-content/uploads/reports/kiribati_annex2_excise_tax_rates_order_2014.pdf ,,
"Kosrae, Federated States of Micronesia",FSM,FSM1,EAP,LMIC,N/A,State/Province,1985,8/8/85,N/A,N/A,Excise,Specific,Volume,N/A,Sodas (carbonated soft drinks),1,0,1,0,0,0,1,0,Non-carbonated drinks,0,N/A,0,0,0,0,0,$0.02 per 12 fl. oz plus $0.01 per each additional oz.,1,"Kosrae State Code 1985, rev. 1997 (Title 9, Ch 2)",https://fsmlaw.org/kosrae/code/title09/t09p01c02.htm ,,,
Lao PDR,LAO,LAO,EAP,LMIC,7425057,National,2005,5/23/05,1/1/12,"Rate lowered in 2012 from 30% to 10% on energy drinks, from 20% to 5% on other categories",Excise,Ad valorem,N/A,Ex-factory or CIF value,"Carbonated soft drinks, mineral water, fruit juice and other non-alcoholic beverages, energy drinks",1,1,1,1,1,1,1,1,None,1,BEV,1,0,0,0,0,"5% on carbonated soft drinks, mineral water, fruit juice and other non-alcoholic beverages; 10% on energy drinks",0,Amended Tax Law 2012,https://www.wto.org/english/thewto_e/acc_e/lao_e/wtacclao36a1_leg_2.pdf ,,,
Latvia,LVA,LVA,ECA,HIC,1884490,National,2000,1/1/00,1/1/22,Uniform volume-specific tax replaced with current design ,Excise,Specific,Volume,N/A,"Drinks with added sugar, sweetener, or other flavoring",1,1,1,0,1,1,1,0,"Fruit/vegetable juices with <10% added sugar and flavored/functional waters without added sugars, sweeteners, or flavorings",1,SUGAR  ,0,1,0,0,0,€0.074 per L if total sugar content < 8 g per 100ml; €0.14 per L if total sugar content >8g per 100ml,1,Amendments to the Law on Excise Tax,https://www.saeima.lv/en/news/saeima-news/28716-saeima-increases-excise-duty-for-sweetened-non-alcoholic-beverages ,https://titania.saeima.lv/LIVS13/saeimalivs13.nsf/webSasaiste?OpenView&restricttocategory=266/Lp13 ,,
Liberia,LBR,LBR,AFR,LIC,5193416,National,2011,1/1/11,1/1/20,Ad valorem tax replaced with current design,Excise,Specific,Volume,N/A,"Beverages under HS2202 and HS2009, and imported unsweetened water (HS2201) ",1,0,1,1,1,1,1,1,Unsweetened domestially-produced water (HS 2201),1,"BEV, POM",1,0,1,0,0,US$0.45 per liter on imported fruit juices (whether or not containing added sweeteners) (HS 2009) (US$0.05 per liter on domestic equivalents) and waters not containing added sweeteners (HS 2201) (NIL on domestic equivalents); US$0.30 per liter on waters and other non-alcoholic beverages containing added sugar or other sweeteners or flavored (US$0.02 per liter on domestic equivalents),0,"Revenue Code of Liberia 2000, Consolidated Tax Amendment Act of 2011,Liberia Revenue Code As Amended 2020",https://revenue.lra.gov.lr/wp-content/uploads/2021/08/REVENUE-CODE-LIBERIA-REVENUE-CODE-AMENDEMENT-2020-min.pdf ,https://revenue.lra.gov.lr/08/REVENUE-CODE-LIBERIA-REVENUE-CODE-AMENDED-2011-CUSTOMS.pdf ,,
Madagascar,MDG,MDG,AFR,LIC,28915653,National,2016,1/1/16,1/1/22,Uniform volume-specific tax replaced with current design ,Excise,Mixed,Volume,Ex-factory or CIF value,"Fruit and vegetable juices and drinks (HS2009), all SSB under HS2202,and carbonated unsweetened waters (HS2201.10)",1,1,1,1,1,1,1,1,Non-carbonated unsweetened water,1,"BEV, POM",1,0,1,0,0,"Local: 2.5% (without being less than AR 50/L) on fruit and vegetable juices, whether sweetened or not (HS2009), carbonated unsweetened waters (HS 2201.10) and all SSB under HS2202; 2.5% (without being less than AR 10,000/kg) on solid or powdered concentrates for the preparation of beverages; 2.5% (without being less than AR 50/L) on syrups for the preparation of beverages;. Imports: 10% (without being less than AR 200/L) on fruit and vegetable juices, whether sweetened or not (HS2009), carbonated unsweetened waters (HS 2201.10), and all SSB under HS2202; 10% (without being less than AR 40,000/kg) on solid or powdered concentrates for the preparation of beverages; 10% (without being less than AR 200/L) on syrups for the preparation of beverages",0,Loi n° 2015 - 050 du 29 décembre 2015 Portant Loi de Finances pour 2016; Loi  n° 2021 - 027 Portant loi de Finances pour 2022,http://www.mef.gov.mg/assets/vendor/ckeditor/plugins/kcfinder/upload/files/Loi%20n%C2%B0%202015-050%20du%2029%20de%CC%81cembre%202015%20Portant%20Loi%20de%20Finances%20pour%202016.pdf ,http://www.mef.gov.mg/assets/vendor/ckeditor/plugins/kcfinder/upload/files/Loi%20n%C2%B0%202021-027%20LFI%20pour%202022%20PROMULGUE.pdf ,http://www.mef.gov.mg/page_personnalisee/index/menu/17 ,
Malaysia ,MYS,MYS,EAP,UMIC,33573874,National,2019,7/1/19,N/A,N/A,Excise,Specific,Volume,N/A,"Beverages under HS 2202 (excl. 22.02.99.10) with >5 g sugar per 100 ml, milk-based drinks (under HS 2202) with >7 g sugar per 100ml, and juices under HS 2009 with >12 g added sugar per 100 ml; Pre-mixed preparations of chocolate or cocoa, malt, coffee and tea under tariff codes 18.06, 19.01 and 21.01 with sugar content >33.3g/100g",1,1,1,1,1,1,0,0,SSB under HS2202 with <5g sugar per 100ml; Milk-based drinks with < 7g sugar per 100ml; Juices with < 12 g sugar per 100ml; Unsweetened waters,0,N/A,0,0,0,0,1,"MYR 0.40 per liter on beverages under HS 2202 (excl. 22.02.99.10) with >5 g sugar per 100 ml, milk-based drinks (under HS 2202) with >7 g sugar per 100ml, and fruit or vegetable juices classified under HS 2009 with >12 g added sugar per 100 ml; MYR 0.47 per 100g on pre-mixed preparations with sugar content >33.3g/100g",1,"Excise Duties (Amendment) Order PU(A) 154, 2019",http://www.customs.gov.my/ms/pg/Perintah%20Eksais/P.U.(A)%20156%20-%20Perintah%20Duti%20Eksais%20(Pengecualian)(Pindaan)(No.2)%202019.pdf ,,,
Maldives,MDV,MDV,SAR,UMIC,521457,National,2017,3/1/17,1/1/20,Rate increase,Import,Mixed,Volume,Import value ,"Energy drinks and all other SSB under HS 2202.10 and 2202.99, and unsweetened waters under HS 2201",1,0,1,0,0,0,1,1,"Juices, milk-based drinks; RTD sweetened teas and coffees; Concentrates and syrups intended for the preparation of soft drinks (HS 2106.90)",1,BEV,1,0,0,0,0,"60.55 MVR/L on energy drinks, 8 MVR/liter on other soft drinks under HS 2201.10; 15% on SSB under HS 2202.99 and on unsweetened waters (carbonated and non-carbonated) under HS 2201",1,"Export-Import Act (31/79); 18th Amendment to Import Export Act 7/2020; National Tariff, Revised on 24.05.22",https://www.customs.gov.mv/EServices/Tariff ,https://www.customs.gov.mv/d/Export%20Import%20Actcompiled%20upto%2018th%20amendment.pdf ,,
Mali,MLI,MLI,AFR,LIC,21904983,National,2005,1/27/05,N/A,N/A,Excise,Ad valorem,N/A,Ex-factory or CIF value,"Waters, flavored or containing added sugar or other sweetening matter (HS 2202.10)",1,0,1,0,0,0,1,0,"Plain water, milk-based drinks, juices, concentrates",0,N/A,0,0,0,0,0,10%,1,Décret n°05-036/P-RM; Décret n°2015-0548/P-RM fixant les taux en matière d’Impôt spécial sur certains produits,http://sgg-mali.ml/JO/2005/mali-jo-2005-14.pdf,http://sgg-mali.ml/JO/2015/mali-jo-2015-22-sp.pdf ,,
Marshall Islands,MHL,MHL,EAP,UMIC,42050,National,1989,1/1/89,1/1/16,Rate increase,Import,Mixed,Volume,Import value ,"SSB, including sweetened juices, concentrates, and LCSBs",1,1,1,0,1,0,1,0,"100% juices, unsweetened water",1,BEV,1,0,0,0,0,"US$0.020826/oz on carbonated SSB under HS 2202; 30% on non-carbonated SSB including sweetened juices, and on LCSB",1,Import Duties Act 1989; Import Duties (Funding Supplement Amendment) Act 2016,http://rmiparliament.org/cms/images/LEGISLATION/PRINCIPAL/1989/1989-0049/ImportDutiesAct1989_1.pdf ,https://rmiparliament.org/cms/images/LEGISLATION/BILLS/2016/2016-0032/ImportDutiesFundingSupplementAmendmentAct2016.pdf ,,
Mauritania,MRT,MRT,AFR,LMIC,4614974,National,2014,1/1/14,1/1/16,Rate increase,Excise,Ad valorem,N/A,Ex-factory or CIF value,"Sweetened dairy products under HS 0403.90, imported mineral waters",0,0,0,0,0,1,0,1,"SSB under HS 2202, 2009, 2106",1,BEV,1,0,0,0,0,80% on mineral waters (HS 2201); 60% on yoghurt and other sweetened dairy products of HS 0403.90,0,"Loi de Finances Initiale, Budget L'Etat pour L'Annee 2016",https://www.droit-afrique.com/uploads/Mauritanie-LF-2016.pdf ,http://www.droit-afrique.com/uploads/Mauritanie-LF-2018.pdf ,,
Mauritius,MUS,MUS,AFR,UMIC,1266060,National,2013,1/1/13,7/1/22,Extended to cover all SSB on 1st Oct 2016; minimum sugar content threshold introduced in July 2022,Excise,Specific,Sugar,N/A,"All SSB, including juices, milk-based beverages, milk alternatives, and concentrates with total sugar content >4 grams per 100ml",1,1,1,1,1,1,0,0,"Plain water, LCSBs",0,N/A,0,0,0,0,1,MUR 0.06 per gram sugar on SSB with total sugar content >4 grams per 100ml,1,"The Finance Act 2013, Excise Act amended ",https://www.mra.mu/index.php/customs1/more-topics/excise-tax-on-sugar-content-of-sugar-sweetened-non-alcoholic-beverages ,https://www.mra.mu/download/NonAlcoholicBeverages.pdf ,https://www.mra.mu/download/ExciseTaxSugar.pdf ,Tax also applies to non-staple sugar-sweetened food products with sugar content >4g per 100g as of 1 July 2022
Mexico ,MEX,MEX,LAC,UMIC,126705138,National,2014,1/1/14,N/A,N/A,Excise,Mixed,Volume,Ex-factory or CIF value,Non-alcoholic beverages with added sugar,1,1,1,0,1,0,0,0,"Milks and yoghurt drinks (where milk is primary/first ingredient), LCSBs, 100% fruit and vegetable juices, plain water",1,BEV,1,0,0,0,0,"MXN 1.3996 per liter on all SSB except energy drinks and concentrates used to prepare them; 25% on energy drinks and concentrates, powders and syrups used to prepare them",1," Ley del Impuesto Especial Sobre Producción y Servicios de 30 diciembre de 1980, DOF 11-12-2013, DOF 12-11-2021",https://www.diputados.gob.mx/LeyesBiblio/pdf/LIEPS.pdf,,,8% excise tax also applies to food with high calorie density ≥275 kcals per 100 g
Monaco,MCO,MCO,ECA,HIC,36686,National,2012,1/1/12,5/14/18,Rate increase,Excise,Specific,Volume,N/A,"Non-alcoholic beverages under HS 2009 and 2202, including beverages containing synthetic sweeteners or added sugars",1,1,1,0,1,0,1,0,"100% juices,plain water",1,SUGAR  ,0,1,0,0,0,"Starting at €3.0 per hl on beverages containing less than or equal to 1kg added sugars per hl, up to €24.34 per hl on beverages containing 15kg added sugars per hl plus €2.07 per hl for each additional kg; €3.11 per hl on beverages containing synthetic sweeteners ",1,Ordonnance Souveraine n° 6.932 du 14 mai 2018 modifiant l'Ordonnance Souveraine n° 3.653 du 30 janvier 2012; Arrêté Ministériel No. 2018 64 du 30 janvier 2018 fixant les tarids des droits d'accises,https://service-public-entreprises.gouv.mc/Fiscalite/Autres-impots-et-taxes/Droits-de-regie/Droits-de-regie ,https://journaldemonaco.gouv.mc/Journaux/2015/Journal-8214/Arrete-Ministeriel-n-2015-102-du-20-fevrier-2015-fixant-les-tarifs-des-droits-d-accises-sur-les-alcools-et-les-boissons-alcooliques-de-la-taxe-sur-certaines-boissons-alcooliques-et-des-taxes-percues-sur-certaines-boissons-contenant-des-sucres-ajoutes-d ,,Adjusted annually
Montenegro,MNE,MNE,ECA,UMIC,619211,National,2001,2001-01--01,N/A,N/A,Excise,Specific,Volume,N/A,Carbonated waters with added sugar or other sweeteners under HS2202 10 00,1,0,1,0,0,0,1,0,"Non-carbonated SSB, unsweetened water ",0,N/A,0,0,0,0,0,€10 per hl ,1,Law on Excise Taxes 01-3868/2,https://extranet.who.int/ncdccs/Data/MNE_NCD_MNE_unofficial%20translation%20Law%20on%20Excise%20Taxes%20(2017).pdf,,,
Morocco,MAR,MAR,MENA,LMIC,37076584,National,2019,1/1/19,N/A,N/A,Excise,Specific,Volume,N/A,"Lemonades, carbonated or non-carbonated water, mineral water, table water or others, flavored or unflavored",1,1,1,0,0,0,0,1,"Juices, milk-based drinks  ",1,"BEV, SUGAR",1,1,0,0,0,"Carbonated or non-carbonated water, mineral water, table water or other, flavored by addition of  <10% edible fruit juice or its equivalent in concentrated juice, and on lemonades prepared with <6% lemon juice or its equivalent in concentrated juices: MAD 30 per hl on beverages containing 5g/100ml or less of added sugar, MAD 40 per hl on beverages containing between 5g/100ml and 10g per 100ml, and MAD 45 per hl on beverages containing 10g per 100ml or more of added sugar; Carbonated or non-carbonated water, mineral water, table or other waters, flavored by adding 10% or more of edible fruit juice or its equivalent in concentrated juice, and on lemonades prepared with 6% or more of lemon juice or its equivalent in concentrated juice - MAD 10 per hl on beverages containing 5g/100ml or less of added sugar, MAD 12.5 per hl on beverages containing between 5g/100ml and 10g per 100ml, and MAD 15 per hl on beverages containing 10g per 100ml or more of added sugar; MAD 600 per hl on energy drinks with a caffeine content of more than 14.5 mg/100 ml and less than 32 mg/100 ml, with the addition of other stimulating substances such as taurine, glucoronolactone, guarana, ginseng, or any other plant extract, where appropriate)",1,Loi de finances pour l’année budgétaire 2020.,https://www.finances.gov.ma/Publication/db/2019/lf2020.pdf,,,
Mozambique,MOZ,MOZ,AFR,LIC,32077072,National,2017,12/28/17,N/A,N/A,Excise,Specific,Volume,N/A,Sweetened waters under HS2202,1,0,1,0,0,0,1,0,"Unsweetened waters, juices, milk-based drinks",0,N/A,0,0,0,0,0,1 Mt/L,1,Codigo do Imposto Sobre Consumos Específicos,http://www.at.gov.mz/por/Media/Files/Lei-n1-17-2017-de-28-de-Dezembro ,,,
Nauru ,NRU,NRU,EAP,HIC,12511,National,2007,1/1/07,N/A,N/A,Import,Ad valorem,N/A,Import value ,"Non-alcoholic beverages other than: unsweetened water, soymilk, unflavored milk, and drinks sweetened other than with sugar",1,1,1,1,1,1,0,0,"Unsweetened water, LCSB, soymilk, unflavored milk",0,N/A,0,0,0,0,0,30%,1,Customs Tariff Act 1997-2006; Customs Tariff (Amendment) Act 2007; Customs (Rates of Duty) Act 2010; Customs Tariff Schedule 2014,http://ronlaw.gov.nr/nauru_lpms/index.php/act/view/964 ,,,"Tax also applies to sugar, confectionery, and high-sugar foods. "
"Navajo Nation, USA",USA,USA8,NAR,HIC,N/A,State/Province,2015,1/1/15,12/31/20,"Extended beyond Dec 2020 and re-authorised as a permanent law; ""unhealthy food and beverages"" replaced with ""minimal-to-no-nutritional value food""",Sales,Ad valorem,N/A,Retail sale price,"Non-alcoholic sweetened beverages, whether sweetened with caloric or non-caloric sweeteners",1,1,1,0,1,1,1,0,"Plain milk, yoghurt-based drinks, flavored and unflavored water without sweetener, non-dairy milk alternatives",0,N/A,0,0,0,0,0,2%,1,"Healthy Diné Nation Act 2014, as amended through CD-96-20",https://www.tax.navajo-nsn.gov/Navajo%20Taxes/Regulations/Junk%20Food%20Tax%20Regulations%20%201-14-15.pdf ,http://www.navajonationcouncil.org/PressReleases/2020/DEC/CD-96-20.pdf   ,,"Tax also applies to candy, chips, sweetened baked goods, frozen desserts"
Nepal,NPL,NPL,SAR,LMIC,30034989,National,2002,1/30/02,1/1/22,"Rate increase on energy drinks, from Rs. 36/L to Rs. 50/L",Excise,Specific,Volume,N/A,"SSB under HS 2009, 2202, 1806, 2106",1,1,1,1,1,1,1,0,Plain water ,1,BEV,1,0,0,0,0,"Rs.11/L on fruit and vegetable juices, whether or not containing added sugar or other sweetening matter (HS 2009); Rs. 50/L on energy drinks (HS 2202.99.10); Rs. 14/L on other SSB under HS 2202.99.90; Rs. 20/L on non-alcoholic beer (2202.91.00)",1,"Excise Duty Act, 2002 as amended by Financial Act, 2021 (2078) and Financial Act, 2022",https://ird.gov.np/tax-laws/category/acts/exciseact ,https://ird.gov.np/public/pdf/513089464.pdf ,,
New Caledonia,NCL,NCL2,EAP,HIC,N/A,National,2017,4/1/17,10/1/18,Blank run' from 1/4/17-30/9/19; Entry into full force 1/10/18,VAT/GST,Ad valorem,N/A,N/A,"All SSB under HS 2202 (excluding soy milk under HS 2202.99.90), 2106, and 2009",1,1,1,1,1,1,1,0,"Plain water (HS 2201), plain unsweetened milk, soy milk",0,N/A,0,0,0,0,0,22% (highest rate of General Consumption Tax),1,"Taxe Générale sur la Consommation, Loi du pays no. 2016-14 du 30 Septembre 2016",https://douane.gouv.nc/le-tarif-douanier/nomenclature-tarifaire,https://douane.gouv.nc/la-taxe-generale-sur-la-consommation-tgc-dans-lacte-de-dedouanement ,,"TGC is 4-tiered: Highest rate (22%) applies to SSB, alcoholic beverages, tobacco, computor devices, motor vehicles, boats etc. 'Reduced' rate of 3% applies to 'everyday food products'. All other products not included in reduced or higher rate are taxed at 'normal' rate of 11%. Some products are exempt. "
New Caledonia,NCL,NCL1,EAP,HIC,271030,National,2017,4/1/17,1/14/22,,Import,Ad valorem,N/A,Import value ,SSB under HS2202; 2009; 2106,1,1,1,1,1,1,1,0,"Unsweetened water (carbonated or not), soy milk; All products of EU origin",0,N/A,0,0,0,0,0,10% on SSB under HS 2202 and 2106; 5% on juices under HS 2009; unsweetened water exempt ,1,"New Caledonia Customs Code (updated 2021); Délibération n° 208 du 14 janvier 2022 portant tarif des douanes de Nouvelle-Calédonie et portant diverses dispositions d’ordre fiscal; Taxe Générale sur la Consommation, Loi du pays no. 2016-14 du 30 Septembre 2016",https://douane.gouv.nc/entreprises-la-fiscalite-douaniere/les-droits-et-taxes-applicables ,https://douane.gouv.nc/sites/default/files/atoms/files/tableau_recapitulatif_des_droits_et_taxes_percus_mai_2020.pdf ,https://www.congres.nc/documentation/ ,https://dsf.gouv.nc/la-dsf-propos/le-code-des-impots 
"Newfoundland and Labrador, Canada",CAN,CAN1,NAR,HIC,N/A,State/Province,2022,9/1/22,N/A,N/A,Excise,Specific,Volume,N/A,"SSB, including sweetened fruit-flavored juices, sweetened iced tea and lemonades, sweetened sports and energy drinks,and dispensed beverages such as sweetened soda fountain drinks",1,1,1,0,1,0,0,0,"100% juices, milk-based drinks, sweetened dairy alternatives, yoghurt drinks, LCSB, plain water",0,N/A,0,0,0,0,0,"CAD$0.20/L on ready-to-drink beverages to which the manufacturer has added sugar such as regular soft-drinks, sweetened fruit-flavoured juices, sweetened iced-tea and lemonades, sweetened sports and energy drinks, and dispensed beverages such as sweetened soda fountain drinks, slush drinks and fruit juices. $0.20 per liter (based on manufacturer's recommended mixing ratios for finished product) on concentrated drink mixtures, including frozen concentrated sweetened fruit punches, sweetened flavoured drink crystals and powders, and flavoured syrups to which the manufacturer has added sugar. These also include concentrates used to produce dispensed beverages (e.g. post-mix).Where the manufacturer does not provide sufficient directions for finished beverage preparation and/or volume:
$0.80 per liter for frozen concentrated juices,
$2.00 per kilogram for flavoured powders, and
$1.20 per liter for syrups",1,"Sugar Sweetened Beverage Tax (SSBT), Regulation 60/21 of 28th October 2021, Amendment to Revenue Administraction Act ",https://www.assembly.nl.ca/legislation/sr/annualregs/2021/nr210060.htm,https://www.gov.nl.ca/fin/sugar-sweetened-beverage-tax/ ,https://www.assembly.nl.ca/legislation/sr/annualstatutes/2021/2116.chp.htm ,https://www.assembly.nl.ca/legislation/sr/annualregs/2021/nr210060.htm 
Nicaragua ,NIC,NIC,LAC,LMIC,6850540,National,2019,2/28/19,N/A,N/A,Excise,Ad valorem,N/A,Retail sale price,"All non-alcoholic beverages, sweetened or not-sweetened, carbonated or not",1,1,1,1,1,1,1,1,None,1,BEV,1,0,0,0,0,11% on carbonated unsweetened water and SSB under HS 2202; 10% on concentrates; 9% on juices and non-carbonated unsweetened water,0,"Ley de Concertación Tributaria N 987, 2019",https://www.ccpn.org.ni/sites/default/files/publicaciones/La%20Gaceta%20Diario%20Oficial%20N%2041%20Edicion%20Especial%20del%2028%20d.pdf ,http://legislacion.asamblea.gob.ni/SILEG/Iniciativas.nsf/0/3636a2c1dc3dae2606257654006000c2/$FILE/ANEXO_I[1].pdf ,,
Niger,NER,NER,AFR,LIC,25252722,National,2015,5/27/15,N/A,N/A,Excise,Ad valorem,N/A,Ex-factory or CIF value,"Non-alcoholic beverages under HS 2202 and 2101 (extracts, essences, and concentrates of tea and coffee)",1,0,1,0,0,1,1,0,"Plain water, juices",1,BEV,1,0,0,0,0,"15% on beverages under HS heading 2202; 10% on extracts, essences and concentrates of tea and coffee (HS 21.01)",1,Loi no. 2019-76 du 31 décembre 2019 portant loi de finances pour l´année budgétaire 2020; Loi 2015-38 modifiant la Code Général des Impôts,https://www.impots.gouv.ne/media/loi/2020.pdf,,,
Nigeria,NGA,NGA,AFR,LMIC,213401323,National,2022,6/1/22,N/A,N/A,Excise,Specific,Volume,N/A,"Non-alcoholic carbonated and sugar-sweetened beverages, including fruit or vegetable juice (whether or not containing sugar or other sweetener), carbonated water containing sugar or other sweetening matter or flavoured, energy drinks, malt drinks, concentrates",1,1,1,1,1,1,0,0,"Unsweetened water, beverages containing at least 75% milk, manufacturers producing <5000 L of non-alcoholic beverages per year",0,N/A,0,0,0,0,0,NGN 10/L ,1,"2021 Finance Act 2021, amending the Customs, Excise Tariffs, etc (Consolidated) Act, 2004 (“CETA”); Excise Duty (Non-Alcoholic, Carbonated and Sweetened Beverages) Regulations, 2022",https://firs.gov.ng/wp-content/uploads/2022/04/Finance-Act-2021-Gazetted.pdf ,,,
Niue,NIU,NIU,EAP,N/C,N/A,National,1969,1/1/69,7/1/16,Rate increase,Import,Ad valorem,N/A,Import value ,"SSB under HS2202, excluding milk-based drinks",1,0,1,0,0,0,1,0,"Plain water, flavored water, flavored milk",0,N/A,0,0,0,0,0,80%,1,The Niue Customs Tariff Order 1969; Customs Tariff Act 1982; Niue Customs and Tariff (General Amendment) Regulations 2016,https://niue.tradeportal.org/media/Reg%202016-04%20Niue%20Customs%20and%20Tarriff%20(General%20Amendment)%20Regulations%202016.PDF ,,,
Northern Mariana Islands,MNP,MNP,EAP,HIC,49481,National,1995,1/1/95,N/A,N/A,Excise,Specific,Volume,N/A,"Soft drinks, meaning any readily drinkable carbonated or non-carbonated nonalcoholic beverage, other than drinkable dairy products, 100% fruit or vegetable juices, and bottled drinking water",1,0,1,0,1,0,1,0,"Milk-based drinks, unsweetened water, 100% juices",0,N/A,0,0,0,0,0,US$0.005 per fl oz,1,"Public Law No. 9-22, Ch 4, Art 2, 1994 ",https://www.cnmilaw.org/pdf/public_laws/09/pl09-22.pdf ,,,
"Oakland, USA",USA,USA4,NAR,HIC,N/A,City,2017,7/1/17,N/A,N/A,Excise,Specific,Volume,N/A,"Any beverage to which one or more caloric sweeteners have been added and that contains ≥25 kcals per 12 fluid ounce. Includes sodas, sports drinks, sweetened teas, and energy drinks ",1,1,1,0,1,0,0,0,"Milk-based drinks, LCSB, 100% fruit and/or vegetable juice ",0,N/A,0,0,0,0,1,US¢1 per ounce ,1,"Ord No. 86161, Sugar Sweetened Beverage Product Distribution Tax",https://cao-94612.s3.amazonaws.com/documents/86161-CMS.pdf ,,,
Oman ,OMN,OMN,MENA,HIC,4520471,National,2019,6/15/19,10/1/20,Rate increased and extended to cover all SSB (previously applied only to carbonated and energy drinks),Excise,Ad valorem,N/A,Ex-factory or CIF value,"All types of juices, sports drinks, fruit/malt syrups, pre-mixed ready to serve coffee and tea drinks, which contains sugar or any of its derivatives (regardless of the percentage of sugar contained); concentrates, powders, gels, extracts or any other forms that can be converted into sweetened drinks",1,1,1,0,1,0,1,0,"Unsweetened waters, 100% juice, milk and other dairy products that contain at least 75% milk ",1,BEV,1,0,0,0,0,"100% on energy drinks; 50% on all ready-to-drink beverages that contain added sugar or other sweeteners as well as concentrates, powder, gel, or extracts intended to be made into an SSB",1,National Excise Tax Law Decree 23/2019,https://tms.taxoman.gov.om/portal/web/taxportal/excise ,,,
Pakistan,PAK,PAK,SAR,LMIC,231402117,National,2005,7/1/05,8/22/22,Rate increase on carbonated beverages ,Excise,Ad valorem,N/A,Ex-factory or CIF value,Carbonated waters whether or not containing added sugar or other sweetening matter; concentrates intendeded for their preparation,1,1,1,0,0,0,1,1,"Juices, non-carbonated SSB",1,BEV,1,0,0,0,0,"13% on carbonated waters, sweetened and unsweetened; 50% on concentrates",0,"Federal Excise Act 2005; Supplementary Finance Bill 2021; Finance (Supplementary) Act, 2022",https://www.fbr.gov.pk/Categ/Federal-Excise-Act/346,https://na.gov.pk/uploads/documents/finance_act2005_290605.pdf ,https://download1.fbr.gov.pk/Docs/2022914169457293FEAct2005withindexupdatedupto22-08-2022.pdf ,
Panama,PAN,PAN,LAC,HIC,4351267,National,1995,11/14/95,11/18/19,Rate increase from 5% on soft drinks and 6% on concentrates,Excise,Ad valorem,N/A,Retail sale price,"All nonalcoholic beverages containing added free sugars or caloric sweeteners, and concentrated syrups",1,1,1,0,1,0,0,0,"Dairy, grain, and cereal-based beverages, natural fruit juices and concentrates, or products with <7.5 g sugar per 100 ml",1,BEV,1,0,0,0,0,7% on carbonated SSB; 5% on other nonalcoholic SSB; 10% on syrups and concentrates used to produce sugary drinks,1,"Ley N 45, 14 nov 1995; Ley N 114 of 18 nov 2019",https://docs.panama.justia.com/federales/leyes/45-de-1995-nov-15-1995.pdf,https://www.gacetaoficial.gob.pa/pdfTemp/28903_A/GacetaNo_28903a_20191118.pdf ,,"Revenue earmarked for health, education, and agricultural development  (Ley N 114 of 18 nov 2019, Art. 11)"
Paraguay,PRY,PRY,LAC,UMIC,6703799,National,1992,1/9/92,12/1/15,Rate lowered from 8%,Excise,Ad valorem,N/A,Ex-factory or CIF value,"Soda and beverages, whether or not sweetened, without alcohol or with max 2% alcohol; including juices",1,1,1,1,1,1,1,1,None,0,N/A,0,0,0,0,0,5%,1,Ley N 5538/15; Ley N 125/91,https://www.mspbs.gov.py/dependencias/dnvs/adjunto/308cb1-LEYN55382015QUEMODIFICAELRGIMENTRIBUTARIODELTABACO.pdf ,,,
Peru ,PER,PER,LAC,UMIC,33715471,National,1999,4/15/99,9/1/21,"From April 1999 to Dec 2006, 19% applied to consumption of specific ""luxury"" goods, including carbonated soda and bottled water (carbonated and non-carbonated) . On 29 Dec 2006, bottled water was exempted from the ISC, and non-carbonated soft drinks, energy drinks, and sports drinks were added to the list of products covered by the tax . All dairy-based drinks and juices remained exempt. In May 2018, rate raised from 17% to 25% on all SSB (incl. non-alcoholic beer) containing 6g sugar or more per 100 ml. In June 2019, rate lowered from 17% to 12%  for SSBs containing 0.5 g sugar or less per 100 ml. In Sept 2021, upper threshold was lowered to 5 grams sugar/100ml. ",Excise,Ad valorem,N/A,Retail sale price,"Nonalcoholic beverages, sweetened waters, and 0% alcohol beer ",1,1,1,0,1,1,1,0,"Plain water, 100% juice, plain milk, drinkable yoghurts (incl. sweetened)",1,SUGAR  ,0,1,0,0,0,"25% on beverages with ≥6 g sugar per 100 ml, 17% on drinks with 0.5-6g sugar per 100ml, 12% on drinks with <0.5g sugar per 100ml",1,"Impuesto Selectivo al Consumo (ISC) introduced by Titulo II - Decreto Supremo N 055-99-EF, April, 15, 1999; Decreto Supremo 216-2006-EF; Decreto Supremo N 091-2018-EF, 9 May 2018; Supreme Decree 266-2021-EF",https://cdn.www.gob.pe/uploads/document/file/40385/DS091_2018EF.pdf ,https://cdn.www.gob.pe/uploads/document/file/250486/225875_file20181218-16260-cpfyeh.pdf ,https://www.globalfoodresearchprogram.org/wp-content/uploads/2022/03/Peru-SSB-Tax-Law-2019-Revision-EN-TRANSLATION.pdf ,https://www.globalfoodresearchprogram.org/wp-content/uploads/2022/03/Peru-SSB-Tax-Law-2018-EN-TRANSLATION-SCG.pdf 
"Philadelphia, USA",USA,USA5,NAR,HIC,N/A,City,2017,7/1/17,N/A,N/A,Excise,Specific,Volume,N/A,"Any nonalcoholic beverage with caloric sugar-based sweetener or artificial sugar substitute listed as an ingredient, including soda, non-100% fruit and vegetable drinks, sports drinks, flavored water, energy drinks, pre-sweetened coffee or tea, and nonalcoholic beverages intended to be mixed into an alcoholic drink; also, syrups or other concentrates used in beverages (incl. coffee syrups distributed to coffee shops), pre-packaged beverages made with “natural” sweeteners, such as agave, honey, or stevia. Any non-alcoholic beverage, and any non-alcoholic syrup or other concentrate that is intended to be used in the preparation of a beverage, that lists as an ingredient: any form of caloric sugar-based sweetener, including, but not limited to, sucrose, glucose or high fructose corn syrup; or  any form of artificial sugar substitute, including stevia, aspartame, sucralose, neotame, acesulfame potassium (Ace-K), saccharin, and advantame. ",1,1,1,0,1,0,1,0,"Milk-based drinks, 100% fruit and/or vegetable juices",0,N/A,0,0,0,0,0,US¢1.5 per ounce ,1,"Sugar Sweetened Beverage Tax, Bill No. 160176",https://www.phila.gov/media/20170808092824/Sweetened-Bev-Tax-Regs-Comp-8-4-2017-final.pdf ,,,
Philippines ,PHL,PHL,EAP,LMIC,113880328,National,2018,1/1/18,N/A,N/A,Excise,Specific,Volume,N/A,"Beverages made with caloric and non-caloric sweeteners, including sweetened juice drinks, sweetened tea, all carbonated beverages, flavoured water,energy and sports drinks, powdered drinks not classified as milk, juice, tea or coffee, cereal and grain beverages, and other non-alcoholic beverages that contain added sugar
",1,1,1,0,1,0,1,0,"All milk products whether sweetened or not, including plain milk, infant formula milk, follow-on milk, growing-up milk, powdered milk, ready-to-drink milk, flavoured milk, fermented milk, soy milk and flavoured soy milk; 100% natural fruit and vegetables juices without added sugar or caloric sweeteners; meal-replacement and medically indicated beverages; ground coffee, instant soluble coffee and prepackaged powdered coffee products; and beverages sweetened with coconut sap or stevia glycosides.",1,SWE,0,0,0,1,0,PHP 6 per liter (around US$0.12) on drinks containing sugar and artificial sweeteners; PHP 12 per liter (around US$0.24) on drinks containing HFCS ,1," Tax Reform for Acceleration and Inclusion (TRAIN) Law, Republic Act No. 10963 of 24th July 2017",https://taxreform.dof.gov.ph/tax-reform-packages/p1-train/ ,https://www.dof.gov.ph/download/ra-10963-train-law/?wpdmdl=20619&amp;refresh=61373a9db40c81631009437 ,,
Poland,POL,POL,ECA,HIC,37747124,National,2021,1/1/21,N/A,N/A,Excise,Specific,Sugar+Volume,N/A,"Non-alcoholic drinks containing added sugar or artificial sweeteners, caffeine or taurine",1,1,1,0,1,0,1,0,"Sports/isotonic drinks with sugar content ≤5g sugar/100mL, juice products with content of no less than 20 per cent of fruit or vegetable juice with max. sugar content of 5 g/100 ml, and beverages with milk or milk products as the first/primary ingredient",1,"BEV, SUGAR",1,1,0,0,0,PLN 0.50 per L base fee; Additional PLN 0.05 per gram sugar >5g/100ml; Additional PLN 0.09 per L on drinks containing caffeine or taurine; Total soda fee cannot exceed PLN 1.2 per L; Juice drinks with >20% juice content and isotonic sports drinks with >5g sugar/100mL not charged base fee of PLN 0.5 per L.,1,Ustawa z dnia 14 lutego 2020 r. o zmianie niektórych ustaw w związku z promocją prozdrowotnych wyborów konsumentów [Amending certain acts in connection with the promotion of health-promoting choices of consumers] ,https://isap.sejm.gov.pl/isap.nsf/DocDetails.xsp?id=WDU20200001492 ,,,
Portugal,PRT,PRT,ECA,HIC,10325147,National,2017,1/1/17,1/1/18,2-tier replaced with 4-tier structure,Excise,Specific,Volume,N/A,"Mineral, flavored, and carbonated waters containing added sugar or sweeteners under HS 2202; concentrates in liquid, powder or solid form intended for the preparation of beverages under HS 2202",1,1,1,0,1,0,1,0,"100% juice, milk, dairy alternatives",1,SUGAR  ,0,1,0,0,0,"1.05€/hl on products containing <25g sugar per L; 6.32€/hl on products containing 25-50g sugar per L; 8.42€/hl on SSB containing 50-80 g sugar/l; 21.07€/hl on SSB containing  ≥80 g sugar/l. Liquid concentrates: 6.32€/hl, 37.93€/hl , 50.56€/hl and 126.42€/hl, depending on sugar content, respectively (<25g per L, 25-50g per L, 50-80g per L, ≥80g per L); Powder concentrates: 10.54€/hl, 63.21€/hl , 84.28€/hl and 210.71€/hl, per 100kg net weight, depending on sugar content, respectively (<25g per L, 25-50g per L, 50-80g per L, ≥80g per L)",1,"Diário da República nº 248/2016 Série I de 2016-12-28. Lei 42/2016. Orçamento do Estado para 2017. Secção III. Impostos especiais de consumo. Artigo 211. Imposto sobre o álcool, as bebidas alcoólicas e as bebidas adicionadas de açúcar ou outros edulcorantes (IABA). 2016 Dec 28. Artigo 247.º do/a Lei n.º 114/2017 - Diário da República n.º 249/2017, Série I de 2017-12-29, em vigor a partir de 2018-01-01. Lei n.º 24-D/2022, de 30 de dezembro",https://dre.pt/dre/legislacao-consolidada/decreto-lei/2010-34478675-105757237 ,https://dre.pt/dre/detalhe/lei/24-d-2022-205557192 ,,
Qatar,QAT,QAT,MENA,HIC,2688235,National,2019,1/1/19,N/A,N/A,Excise,Ad valorem,N/A,Retail sale price,"Carbonated waters with added sugar, other sweeteners or flavours; energy drinks; concentrates, powder, gel or extracts intended to be made into carbonated waters or energy drinks",1,1,1,0,0,0,1,0,Non-carbonated sweetened beverages,1,BEV,1,0,0,0,0,100% on energy drinks; 50% on other carbonated SSB and concentrates,1,Excise Tax Law 2018,https://gta.gov.qa/ar/excise-tax-ar/,https://gta.gov.qa/wp-content/uploads/2018/08/Excise-Tax-Law-2018-1.pdf?csrt=11549591233939583914 ,,
Romania,ROU,ROU,ECA,HIC,19119880,National ,2023,1/1/23,N/A,N/A,VAT/GST,Ad valorem ,N/A,N/A,"SSB under HS 2202, including waters containing sugar or other sweeteners or flavourings, soya-based beverages containing sugar, and other non-alcoholic drinks containing sugar",1,0,1,0,0,1,1,0,"Unsweetened waters, juices (whether sweetened or not)",0,N/A,0,0,0,0,0,19% standard VAT rate (increase from 9% reduced rate),1,"ORDONANŢĂ nr. 16 din 15 iulie 2022 pentru modificarea şi completarea Legii nr. 227/2015 privind Codul fiscal (Government Ordinance no. 16/2022 (art. 93) of 15 July 2022, amending Law no. 227/2015 regarding the Fiscal Code",https://legislatie.just.ro/Public/DetaliiDocument/257589 ,https://gov.ro/ro/guvernul/procesul-legislativ/note-de-fundamentare/nota-de-fundamentare-og-nr-16-15-07-2022&page=1 ,,Reduced (9%) or super-reduced (5%) VAT rate apply to all other food products and non-alcoholic beverages 
Rwanda,RWA,RWA,AFR,LIC,13461888,National,2006,5/27/06,9/13/19,Rate lowered on 100% juices from 39% to 5%,Excise,Ad valorem,N/A,Ex-factory or CIF value,"Lemonade, soda, juices, mineral water",1,1,1,1,1,0,1,1,None,1,BEV,1,0,0,0,0,"39% on lemonade, soda and other non-natural juices, 10% on industrial packed mineral water, 5% on natural fruit and vegetable juices",0,Law N° 26/2006 of 27/05/2006; Law No. 025/2019 of 13/9/2019,https://www.rra.gov.rw/fileadmin/user_upload/new_excise_duty_law__official_gazette__1.pdf,https://gazettes.africa/archive/rw/2006/rw-government-gazette-dated-2006-07-01-no-13%20ter.pdf ,,
Saint Helena,SHN,SHN,AFR,N/C,N/A,National,2014,1/1/14,1/1/18,"Rate increased from ₤0.75/L to ₤1.00/L, extended to include fruit juice",Excise,Specific,Volume,N/A,"Carbonated beverages, juices, and concentrates containing ≥15 g sugar per L",1,1,1,1,1,0,0,0,"Beverages containing <15g sugar per L, including LCSBs, plain water",0,N/A,0,0,0,0,1,₤1.00 per L,1,"Customs & Excise (Tariffs) (Amendment) Regulations, 2018",https://www.sainthelena.gov.sh/wp-content/uploads/2018/04/Appendix-A-Customs-and-Excise.pdf ,https://www.sainthelena.gov.sh/2018/public-announcements/changes-to-customs-excise-duty/,https://www.sainthelena.gov.sh/wp-content/uploads/2020/04/Customs-and-Excise-Ordinance-1999-Uploaded20200401.pdf,"Since 2018, ´sugar tax´ also applies to chocolate and chewing gum at rate of ₤1.00 per kg. "
Saint Kitts and Nevis ,KNA,KNA,LAC,HIC,47606,National,2010,10/26/10,N/A,N/A,Excise,Ad valorem,N/A,Retail sale price,"Waters, including mineral waters and aerated waters, containing added sugar or other sweetening matter or flavoured (HS 2202), and other nonalcoholic beverages, not including fruit or vegetable juices of heading 20.09; Beverages containing cocoa and malt beverages (HS 2202.90)",1,0,1,0,0,1,1,0,"Plain water, juices (HS 2009)",0,N/A,0,0,0,0,0,5%,1,"Excise Tax Act No. 4, 2010",https://eservicesskn.sknird.com/UserFiles/TaxLib/130325054005.pdf ,,,
Saint Vincent and the Grenadines,VCT,VCT,LAC,UMIC,104332,National,2007,5/1/07,N/A,N/A,Excise,Ad valorem,N/A,Retail sale price,"Waters, including mineral waters and aerated waters, containing added sugar or other sweetening matter or flavoured, and other nonalcoholic beverages under HS2202",1,0,1,0,0,1,1,0,"Plain water, fruit juices",1,BEV,1,0,0,0,0,5% on carbonated beverages under HS 2202.101; 10% on other beverages under HS 2202.10.90 ('Other') and 2202.90.10 ('Beverages containing cocoa'),1,"Excise Tax Act, Chapter 430, Act No. 16 of 2007, amended by SRO 41 of 2007, Act No. 1 of 2008, SRO 63 of 2008, SRO 2 of 2009",http://asycudaw.svgcustoms.net/downloads/act-excise-tax-ch430.pdf ,,,
Samoa ,WSM,WSM,EAP,LMIC,218764,National,1998,1/1/98,1/1/18,"Import tax (1984-1998) replaced with excise tax in 1998; rate increased 2006, 2008, 2012, 2016, 2018; unnsweetened water exempt 2008",Excise,Specific,Volume,N/A,Waters containing added sugar or other sweetening matter or flavoured,1,0,1,0,0,0,1,0,Unsweetened water ,0,N/A,0,0,0,0,0,52.5 sene per L,1,"Excise Tax Rates Amendment Act 1998, 2006, 2012, 2016, 2018",https://www.palemene.ws/parliament-business/acts-regulations/acts-1998/ ,https://www.palemene.ws/wp-content/uploads//01.Acts/Acts%202008/Excise_Tax_Rate_Amendment_Act_2008_-_Eng.pdf ,https://www.palemene.ws/parliament-business/acts-regulations/ ,
"San Francisco, USA",USA,USA6,NAR,HIC,NA,City,2018,1/1/18,N/A,N/A,Excise,Specific,Volume,N/A,"Any nonalcoholic beverage intended for human consumption that contains added caloric sweetener and contains >25 calories per 12 fl. oz. of beverage, including but not limited to all drinks and beverages commonly referred to as soda, pop, cola, soft drinks, sports drinks, energy drinks, sweetened ice teas, or any other similar names; syrups and powders that can be made into SSB, for example, fountain drinks from beverage-dispensing machines.",1,1,1,0,1,0,0,0,"Any milk product; and any beverage that contains solely 100% natural fruit juice, natural vegetable juice, or combined natural fruit juice or natural vegetable juice, diet drinks",0,N/A,0,0,0,0,1,US¢1 per ounce ,1,Sugary Drinks Distributor Tax Ordinance,https://sftreasurer.org/business/taxes-fees/sugary-drinks-tax ,,,
Sao Tome and Principe,STP,STP,AFR,LMIC,223107,National,1976,6/1/76,8/1/17,Replaced specific tax,Excise,Ad valorem,N/A,Ex-factory or CIF value,"Products under HS2202.10, 2202.90, 2009, 2106.90",1,1,1,1,1,1,1,0,Unsweetened water,1,BEV,1,0,0,0,0,"20% on products under HS 2202.90, 20% with 10% surchage on products under HS 2106.90; 10% on products under HS 2009 and 2202.10",1,Decreto-Lei n.º 20/76 Taxas Imposto de Consumo (1976); Lei n.º 24/X/2017; Diário da II Série de 11 de Agosto de 2017,https://www2.camara.leg.br/saotomeeprincipe/diarios-da-an/x-legislatura/ii-serie/6.a-sessao-legislativa/DAN30-IIS.pdf/view,,,
Saudi Arabia,SAU,SAU,MENA,HIC,35950396,National,2017,1/1/17,5/15/19,Extended to cover all SSB (initially applied only to energy drinks),Excise,Ad valorem,N/A,Retail sale price,"All carbonated beverages other than unflavored carbonated water; energy drinks; concentrates, powders, gels or extracts which can be converted to soft drinks",1,1,1,0,0,0,1,0,"100% juice, milk and dairy products containing at least 75% milk content, dairy alternatives",1,BEV,1,0,0,0,0,100% on energy drinks; 50% on all other SSB,1,Implementing Regulations for the Excise Tax Law (Selective Tax),https://zatca.gov.sa/ar/pages/default.aspx ,https://zatca.gov.sa/ar/RulesRegulations/Taxes/Documents/%D8%A7%D9%84%D9%84%D8%A7%D8%A6%D8%AD%D8%A9%20%D8%A7%D9%84%D8%AA%D9%86%D9%81%D9%8A%D8%B0%D9%8A%D8%A9%20%D9%84%D9%84%D8%B6%D8%B1%D9%8A%D8%A8%D8%A9%20%D8%A7%D9%84%D8%A7%D9%86%D8%AA%D9%82%D8%A7%D8%A6%D9%8A%D8%A9.pdf ,https://zatca.gov.sa/en/RulesRegulations/Taxes/Documents/Commodities%20Subject%20to%20Excise%20Tax_ENG_v.01.pdf ,
"Seattle, USA",USA,USA7,NAR,HIC,N/A,City,2018,1/1/18,N/A,N/A,Excise,Specific,Volume,N/A,"Any non-alcoholic beverage, syrup or other concentrate used to prepare a beverage that lists as an ingredient any form of caloric sugar-based sweetener, including but not limited to sucrose, glucose or high fructose corn syrup.",1,1,1,0,1,0,0,0,"Any beverage with <40 kcals per 12 ounce serving; any beverage with milk as the principal ingredient or in which water and grains, nuts, legumes, or seeds constitute the first two ingredients in the product ingredient list; any beverage consisting of 100% natural fruit or vegetable juice with no added sweetener; any concentrate that the consumer combines with other ingredients to create a beverage.",0,N/A,0,0,0,0,1,US¢1.75 per ounce (for manufacturers grossing >$5m annual worldwide income); ¢1.0 per ounce for manufacturers grossing >$2 million and <$5 million in worldwide income. Products made by manufacturers grossing $2K or less in annual income are exempt. ,1,"Ord No. 125324, Sweetened Beverage Tax ",https://www.seattle.gov/license-and-tax-administration/business-license-tax/other-seattle-taxes/sweetened-beverage-tax ,,,
Senegal,SEN,SEN,AFR,LMIC,16876720,National,2001,9/18/01,3/30/18,"Rate increased rom 2.75% to 5%, extended to include fruit juice",Excise,Ad valorem,N/A,Ex-factory or CIF value,"Soft drinks, being: carbonated water; lemonades, sodas and other carbonated beverages; fruit and vegetable juices",1,0,1,1,1,0,1,1,Non-carbonated unsweetened water ,0,N/A,0,0,0,0,0,5%,0,LOI n° 2001-07 du 18 septembre 2001 abrogeant et remplaçant certaines dispositions du livre II du Code général des Impôts; Loi n° 2018-10 du 30 mars 2018 modifiant certaines dispositions du Code général des Impôts,http://www.assemblee-nationale.sn/loi-abrogeant-et-remplacant-certaines-dispositions-du-livre-ii-du-code-general-des-impots-l8.xml,https://www.dri.gouv.sn/sites/default/files/LOI/2018/loi%202018-10.pdf ,,
Seychelles,SYC,SYC,AFR,HIC,99258,National,2014,1/1/14,4/1/19,"Rate increased, threshold introduced, unsweetened water excluded",Excise,Specific,Volume,N/A,"Non-alcoholic beverages containing >5 g sugar per 100 ml, including flavored milk, excluding fresh local fruit drinks without additives",1,1,1,1,1,1,0,0,"Plain water, plain milk, fresh local fuit drinks without additives",0,N/A,0,0,0,0,1,SCR4 per liter ,1,"Excise Tax (Amendment of Schedules 1 and 2) (Amendment) Regulations, 2014; Excise Tax Act, Statutory Instrument (SI) 14 of 2019 - Excise Tax (Imposition of Sugar Tax on Drinks) Regulations, 2019",https://www.src.gov.sc/wp-content/uploads/2022/12/SI-14-of-2019-Excise-Tax-Imposition-of-Sugar-Tax-on-Drinks-Regulations-2019.pdf ,https://www.src.gov.sc/legislation/ ,https://www.src.gov.sc/wp-content/uploads/2022/12/SI-5-of-2014-Excise-Tax-Amendment-of-Schedules-1-and-2-Amendment-Regulations-2014.pdf ,
South Africa,ZAF,ZAF,AFR,UMIC,59392255,National,2018,4/1/18,N/A,N/A,Excise,Specific,Sugar,N/A,Sugary beverages (mineral and aerated waters containing added sugar or other sweeteners or flavors and other nonalcoholic beverages) and concentrates that contain >4 g sugar per 100 ml,1,1,1,0,0,0,0,0,"Juices (whether sweetened or not), milk-based drinks, unsweetened waters, LCSBs",0,N/A,0,0,0,0,1,ZAR 0.021 per gram of sugar over 4 g per 100 ml. First 4g of sugar per 100ml levy free,1,"Health Promotion Levy on Sugary Beverages - Rates and Monetary Amounts and Amendment of Revenue Laws Act, 2017 - Act No. 14 of 2017",https://www.sars.gov.za/customs-and-excise/excise/health-promotion-levy-on-sugary-beverages/ ,https://www.gov.za/documents/rates-and-monetary-amounts-and-amendment-revenue-laws-act-14-2017-english-afrikaans-14-dec ,https://www.gov.za/sites/default/files/gcis_document/201712/4132314-12ratesmonetaryamendrevenueact2017a.pdf,
Spain,ESP,ESP,ECA,HIC,47415750,National,2021,1/1/21,N/A,N/A,VAT/GST,Ad valorem,N/A,N/A,"Drinks containing added natural and derived sweeteners and/or sweetening additives, excluding dairy",1,1,1,0,1,0,1,0,"Milk-based drinks, 100% juices",0,N/A,0,0,0,0,0,21% (standard VAT - increase from 10% reduced rate),1,"Ley 37/1992, de 28 de diciembre, del Impuesto sobre el Valor Anadido, última modificación: 9 de abril de 2022",https://www.boe.es/buscar/pdf/1992/BOE-A-1992-28740-consolidado.pdf ,https://sede.agenciatributaria.gob.es/Sede/ayuda/manuales-videos-folletos/manuales-practicos/manual-iva-2021/capitulo-1-novedades-destacar-2021/tipos-impositivos.html ,,
Sri Lanka,LKA,LKA,SAR,LMIC,22156000,National,2018,12/1/18,12/1/20,"Rate lowered in Dec 2018 from US¢50 per gram sugar to US¢30 per gram sugar, extended to cover all SSB. Minimum sugar content threshold of 6g per 100ml on products under HS 2202, and 8g per 100ml on ""beverages based on fruit and vegetable juices"" introduced in Dec 2020. ",Excise,Specific,Sugar+Volume,N/A,"All SSB, excl. milk-based drinks",1,1,1,1,1,0,1,0,"Milk-based drinks, unsweetened water  ",1,BEV,1,0,0,0,1,"Rs. 12 per liter or 30cts per gram of sugar, excluding first 6g per 100ml, whichever is higher, on beverages under HS 2202.10 and energy drinks (HS 2202.99.30). 30cts per gram sugar, excluding 8g per 100ml on beverages based on fruit and vegetable juices",1,"Excise (Special Provisions) Act, 1989, Ordinance No. 2044/32 of 9th November 2017",http://www.ird.gov.lk/en/publications/sitepages/Acts.aspx?menuid=1601 ,http://documents.gov.lk/files/egz/2020/10/2197-03_E.pdf ,http://www.documents.gov.lk/files/egz/2017/11/2044-32_E.pdf ,
Suriname,SUR,SUR,LAC,UMIC,612985,National,2006,2/1/06,N/A,N/A,Excise,Specific,Volume,N/A,"Non-alcoholic beverages under HS 2009, 2106, 2201, 2202",1,1,1,1,1,1,1,1,None,0,N/A,0,0,0,0,0,"USD$0.07 per liter, or USD$7 per 25kg on powder concentrates",0,S.B. 2006 no. 27 wijz. Wet Accijns Alcoholvrije Dranken (Non-Alcoholic Drinks Excise Tax Act (amendment) SB 2006 no. 27),https://www.dna.sr/wetgeving/surinaamse-wetten/wijzigingen-na-2005/wet-accijns-alcoholvrije-dranken/ ,,,
Tajikistan,TJK,TJK,ECA,LMIC,9750064,National,2014,3/1/14,6/9/18,"Rate increased from €0.02/L to €0.06/L on products under HS 2201, and €0.03/L to €0.09/L on HS 2202",Excise,Specific,Volume,N/A,Sweetened and unsweetened waters under HS 2201 and 2202,1,0,1,0,0,0,1,1,Juices and milk-based drinks ,1,BEV,1,0,0,0,0,€0.09/L on SSB under HS 2202 (excl. milk-based drinks); €0.06/L on unsweetened waters,1,Order No. 102 of 15th February 2014; Resolution No. 302 of 9th June 2018,https://andoz.tj/docs/postanovleniya-pravitelstvo/Resolution__%E2%84%96302_gov_RT_tj.pdf ,,,
Thailand ,THA,THA,EAP,UMIC,71601103,National,2017,9/1/17,N/A,N/A,Excise,Mixed,Volume,Retail sale price,"Non-alcoholic beverages, including juices, coffee and tea drinks, and concentrates intended for preparation, whether or not containing added sugar or other sweeteners ",1,1,1,1,1,1,1,1,None,1,"BEV, SUGAR",1,1,0,0,1,"10% on fruit and vegetable juices; 14% on artificial mineral water, soda water, soft drinks with and without sugar or other sweeteners and flavors (reduced from previous 20% rate).  Additional specific tax on all drinks with >6 g total sugar per 100 ml: THB 0.10 per liter on SSB containing 6–8g sugar per 100 mL; THB 0.30 per liter on SSB containing 8–10g sugar per 100 ml; THB 0.50 per liter on SSB containing 10–14g sugar per 100 ml; THB 1 on SSB containing >14g sugar per 100 ml. Rate increases every two years until 2023 when following rates will apply: THB 1 per liter on SSB containing 6–8g sugar per 100 ml; THB 3 per liter on SSB containing 8–10g sugar per 100 ml; THB 5 per liter on SSB containing >10 g per 100 ml. Maximum rates applied will be 5 Baht per liter for fruit and vegetable juice, soda, and carbonated drinks and 44 Baht per liter for beverage concentrates.",1,Excise Act B.E. 2560 (2017),https://www.excise.go.th/cs/groups/public/documents/document/dwnt/mjk4/~edisp/uatucm298729.pdf,,,
Timor Leste,TLS,TLS,EAP,LMIC,1320942,National,2023,1/1/23,N/A,N/A,Excise,Specific,Volume,N/A,"Waters, including mineral waters and aerated waters, containing added sugar or other sweetening matter or flavored and other non-alcoholic beverages, other than fruit or vegetable juices falling under heading 20.09 ",1,0,1,0,0,1,1,0,"Juices, unsweetened waters ",0,N/A,0,0,0,0,0,USD$3 per Liter,1, General State Budget for 2023 (Law 15/2022) ,https://customs.gov.tl/doing-business/duties-taxes/ ,,,Tax also applies to sugars and confectionary (HS1701-1704) at USD$1 per kg
Togo,TGO,TGO,AFR,LIC,8644829,National,2017,1/1/17,1/1/19,Rate increased from 2%,Excise,Ad valorem,N/A,Ex-factory or CIF value,Non-alcoholic drinks excluding water,1,0,1,1,1,1,1,0,Unsweetened water   ,0,N/A,0,0,0,0,0,5%,1,"Loi n° 2017- 002 du 17/01/2017 portant loi de finances, gestion 2017. Modifications du code general des impots; Loi N° 2018-024 portant Code Général des Impôts",https://jo.gouv.tg/sites/default/files/JO/JOS_20_11_2018-63E%20ANNEE%20N%C2%B0%2023%20TER.pdf,https://jo.gouv.tg/sites/default/files/JO/JOS_17_01_17-62e%20ANNEE%20N%C2%B003.pdf  ,,
Tonga,TON,TON,EAP,UMIC,106017,National,2013,1/1/13,7/9/18,Import tariff replaced with uniform excise duty in 2013; Rate increased from T$0.50 per liter to T$1.00 per liter in 2016; replaced with tiered structure in 2017; rates changed in 2018,Excise,Specific,Volume,N/A,"Full sugar and artificially sweetened soft drinks, energy drinks, and other SSB under HS2202",1,0,1,0,0,0,1,0,"Unsweetened waters, concentrates",1,SUGAR  ,0,1,0,0,0,"T$0.05/L if total sugar content ≤5g/100ml; T$0.75/L if total sugar content >5g/100ml & ≤ 20g/100ml, or containing sweetening matter; T$1.50/L on HS 2202.10 if total sugar content >20g/100ml, with or without added sweetening matter; T$4/L on HS 2202.10.99 if total sugar content >20g/100ml, with or without added sweetening matter",1,Excise Tax (Amendment) Order 2013; Excise Tax (Amendment) Order 2017; Excise Tax (Amendment) Order 2018,https://ago.gov.to/cms/images/LEGISLATION/SUBORDINATE/2018/2018-0017/ExciseTaxAmendmentOrder2018_1.pdf,,,Tax also applies to specified unhealthy foods. 
Tunisia,TUN,TUN,MENA,LMIC,12262946,National,2018,1/1/18,N/A,N/A,Excise,Ad valorem,N/A,Ex-factory or CIF value,"Waters, including mineral waters and aerated waters containing added sugar or other sweetening matter or flavored and other non-alcoholic drinks (HS 2202); fruit and vegetable juices, unfermented without addition of alcohol, with or without added sugar or other sweeteners (HS 2009), Preparations containing cocoa (HS 1806); Extracts, essences and concentrates of coffee, tea or mate and preparations with a basis of these products or with a basis of coffee, tea, or mate…and extracts, essences, and concentrates thereof (HS 2101); Food preparations not included elsewhere (HS 2106)",1,1,1,1,1,1,1,0,Unsweetened waters (HS 2201),0,N/A,0,0,0,0,0,"25% on beverages under HS 2009, 2202, and 2101; 10% on beverages under HS 1806 (cocoa-based preparations); 40% on concentrates",1,"Loi n° 2017-66 du 18 décembre 2017, portant loi de finances pour l’année 2018",http://www.mehat.gov.tn/fileadmin/user_upload/DGH/Loi66a2017Article%2059LoiFinances2018Ar.pdf,,,
Türkiye,TUR,TUR,ECA,UMIC,84775404,National,2015,1/1/15,1/1/17,Extended from 'cola sodas' to include juices and other SSB,Excise,Ad valorem,N/A,Ex-factory or CIF value,"Cola sodas' under HS 2202.10.00; fruit juices, nectars and drinks excl. 100% juice (HS 2009); lemonades; energy drinks; sports drinks; cold tea and coffee; tonic; and similar sweetened or flavored beverages",1,0,1,0,1,1,1,0,"100% juice, flavored and plain mineral water",0,N/A,0,0,0,0,0,35%,1,2014/7127 Bazi Mallara Uygulanan Özel Tüketİm Vergİsİ Oranlari İle Maktu Ve Asgarİ Maktu Vergİ Tutarlarinin Tespİt Edİlmesİ Hakkinda Karar [Special Consumption Tax],https://www.resmigazete.gov.tr/eskiler/2015/01/20150101-7-1.pdf,,,
Tuvalu,TUV,TUV,EAP,UMIC,11204,National,2009,1/1/09,1/1/20,Rate increased from 10% to 30%,Excise,Ad valorem,N/A,Import value ,All soft drinks under HS 22.02.10.11,1,0,1,0,0,0,1,0,"Juices, milk-based drinks, concentrates, plain water",0,N/A,0,0,0,0,0,30% (plus 25% import duty). Unsweetened water exempt from excise and import duty,1,Customs Excise Duties Order 2020,https://extranet.who.int/ncdccs/Data/TUV_Abiv_s21_Customs%20Excise%20Duties%20Order%202020.pdf,,,Tax also applies to some unhealthy foods. 
Uganda,UGA,UGA,AFR,LIC,45853778,National,2014,1/1/14,N/A,N/A,Excise,Mixed,Volume,Ex-factory or CIF value,"Non-alcoholic beverages, excluding juice made from at least 30% of pulp from fruit and vegetables grown in Uganda",1,0,1,0,0,1,1,1,Juice made from at least 30% of pulp from fruit and vegetables grown in Uganda,1,BEV,1,0,0,0,0,"12% or UGX 200 per liter, whichever is higher, on non-alcoholic beverages excl. fruit and vegetable juices; 13% or UGX 300 per liter, whichever is higher, on fruit and vegetable juices (excl. juice made from at least 30% of pulp from fruit and vegetables grown in Uganda)",0,Excise Duty Act 2014; Excise Duty Amendment Act 2018,https://www.parliament.go.ug/cmis/views/79fcf1d6-c038-4f41-b2b0-14748e0ca9e4%253B1.0 ,https://extranet.who.int/nutrition/gina/sites/default/filesstore/UGA%202018%20Excise%20Duty%20Amendment%20Act.pdf ,,
United Arab Emirates,ARE,ARE,MENA,HIC,9991083,National,2017,6/9/17,8/4/19,Extended beyond energy and carbonated drinks to cover all SSB,Excise,Ad valorem,N/A,Retail sale price,"All drinks containing added sugars or sweetener, including concentrate, powder or other substance that is mixed with water to be made into a beverage",1,1,1,0,1,0,1,0,"Plain water, RTD beverages containing at least 75% milk or milk substitutes, 100% juices",1,BEV,1,0,0,0,0,100% on energy drinks; 50% on other soft drinks,1,"Federal Decree Law Number 7 of 2017 on Excise Tax. Cabinet Decision No. 52 of 2019 on Excise Goods, Excise Tax Rates and the Methods of Calculating the Excise Price. ",https://www.tax.gov.ae/-/media/Files/FTA/links/Legislation/Excise-tax/Cabinet-Decision-No-52-of-2019.pdf ,https://mof.gov.ae/ ,,
United Kingdom,GBR,GBR,ECA,HIC,67326569,National,2018,4/6/18,N/A,N/A,Excise,Specific,Volume,N/A,"Any prepackaged soft drink with added sugar containing at least 5 g of total sugars per 100 ml. Added sugar defined as mono or disaccharides, or anything (other than fruit juice, vegetable juice and milk) that contains sugar, such as honey",1,1,1,0,1,0,0,0,"Milk-based drinks with >75% milk, milk substitute drinks (e.g. plant based milks), pure fruit juices or any other drinks with no added sugar, alcohol substitute drinks, LCSB, and soft drinks of a specified description which are for use for medicinal or other specified purposes. Producers with <1 million liters/year exempt.  ",1,SUGAR  ,0,1,0,0,1, ₤0.18 per liter on drinks with 5–8 g total sugar per 100 ml; ₤0.24 per liter on drinks with >8 g total sugar per 100 ml ,1,"Finance Act 2017, Soft Drinks Industry Levy Regulations 2018",https://www.legislation.gov.uk/uksi/2018/41/contents/made,https://www.legislation.gov.uk/uksi/2018/41/pdfs/uksi_20180041_en.pdf ,,
United Republic of Tanzania,TZA,TZA,AFR,LMIC,63588334,National,2018,1/1/18,N/A,N/A,Excise,Specific,Volume,N/A,All non-alcoholic beverages whether or not containing added sugar or other sweeteners ,1,1,1,1,1,1,1,1,None,1,"BEV, POM",1,0,1,0,0,"TShs 232 per L on imported fruit and vegetable juices of HS code 2009, whether or not containing added sugar or other sweeteners (TShs 9 per L on locally-produced equivalents); TShs 64.05 per L on imported waters, including natural or artificial mineral waters and aerated waters, not containing added sugar or other sweetening matter or flavoured; ice and snow of HS code 2201 (TShs 58 per L on locally-produced equivalents); TShs 61 per L on waters, including mineral waters and aerated waters, containing added sugar or other sweetening matter or flavoured of HS code 2202.10; TShs 589-05 per L on imported non-alcoholic beer and other beverages of HS codes 2202.91 and 2202.99 (Tshs 561 on locally-produced equivalents)",0,"The Finance Act 2018, Part V Amendment of the Excise (Management and Tariff) Act",https://www.tra.go.tz/images/uploads/FINANCEACT2018.pdf,,,
Uruguay,URY,URY,LAC,HIC,3426260,National,1990,2/21/90,N/A,N/A,Excise,Specific,Volume,N/A,"Carbonated and non-carbonated soft drinks, sweetened with caloric or non-caloric sweeteners, mineral waters, juices and fruit drinks, energy drinks, concentrates and syrups",1,1,1,1,1,0,1,1,"Milk-based drinks, yoghurt drinks",1,BEV,1,0,0,0,0,"Ad valorem tax applied on fixed tax base amounts - precios fictos - per volume varying by beverage category, effectively operating as a specific tax. Precios fictos usually adjusted annually. Adjusted in Dec 2021 (Decreto 443/021) for 2022 year at (per liter): $20.79 for mineral waters and sodas, 32.73 for fresh or reconstituted juices or nectars with minimum 50% fruit juice content, $35.95 for other juice-based drinks, $32.73 for liquid meal replacements, $$57.41 for malts, $35.95 for energy drinks, $7.74 for solid concentrates, $80.33 for non-alcoholic beers. Ad valorem rates currently set at: 8% on mineral waters and sodas, 12% on fresh or reconstituted juices or nectars with minimum 50% fruit juice content, 18% on other juice-based drinks, 12% on energy drinks and liquid meal replacements, 14% on malts, 18% on solid concentrates. Imports are calculated as the fixed value for domestic products multiplied by two, which means that imported products are subject to higher charges",0,"Decreto No. 96/990 of 21/2/1990 - Reglamentacion del Impuesto Especifico Interno (IMESI); Decree No. 17/996 of 24/1/1996; Decreto 20.019; Ley Nº 17.151 Modificanse los articulos que se determinan del Decreto-Ley Nº 14.416
",https://www.impo.com.uy/bases/decretos/96-1990 ,https://medios.presidencia.gub.uy/legal/2021/decretos/12/mef_532.pdf ,,
Vanuatu,VUT,VUT2,EAP,LMIC,NA,National,2002,1/1/02,1/1/12,Changed from volume-specific to ad valorem tax,Import,Ad valorem,N/A,Import value ,Soft drinks containing added sugar or other sweeteners or flavoring; electrolyte/sports drinks,1,1,1,0,1,0,1,0,"Milk-based drinks, plain water",0,N/A,0,0,0,0,0,75% on SSB under HS 2202.10 and 2202.90; 30% on unsweetened waters under HS 2201; 15% on concentrates and syrups under HS 2106.90; 20% on juices under HS 2009,1,Republic of Vanuatu. Import Duties (Consolidation) (Amendment) Act No. 33 of 2014,http://www.paclii.org/vu/legis/num_act/ida33o2014414.pdf ,,,
Vanuatu ,VUT,VUT1,EAP,LMIC,319137,National,2015,1/1/15,N/A,N/A,Excise,Specific,Volume,N/A,"Waters, including mineral waters and aerated waters, containing added sugar or other sweetening matter or flavoured, and other nonalcoholic beverages (HS 2202.10 and HS 2202.90)",1,0,1,0,0,0,1,0,"Fruit and vegetable juices, whether or not containing added sugar or other sweetening matter; Plain water; Milk",0,N/A,0,0,0,0,0,VT 50 per liter ,1,"Vanuatu Excise Act, Consolidated Edition 2015, Chapter 290",http://www.paclii.org/vu/legis/num_act/ea2014160/ ,,,
Wallis and Futuna,WLF,WLF,EAP,N/C,N/A,National,2017,1/1/17,8/1/17,Rate increased from 20% to 30%,Import,Ad valorem,N/A,Import value ,"All beverages under HS 2202, 2201, 2106, 2009 ",1,1,1,1,1,1,1,1,Products of EU origin ,0,N/A,0,0,0,0,0,"30% on sweetened beverages; 4% on unsweetened bottled water, concentrates, and 100% juices",1,Art. 28 of the National Customs Code; Tarif des Douanes,https://www.douane.wf/wp-content/uploads/2020/04/TARIF-DES-DOUANES-mis-%C3%A0-jour-le-23.04.2020-1.pdf ,,,
"Yap, Federated States of Micronesia",FSM,FSM2,EAP,LMIC,N/A,State/Province,1981,5/5/81,N/A,N/A,Excise,Specific,Volume,N/A,Soft drinks and non-alcoholic beverages other than fruit or vegetable juices and dairy products,1,1,1,0,0,0,1,1,"Fruit and vegetable juices, dairy-based drinks",0,N/A,0,0,0,0,0,$0.10 per 12 fl. oz or less and $0.15 per container of more than 12 fl. oz ,0,"1979 State Tax Act, 1987 Yap State Code, 2000 Yap State Code (Title 13, Ch 1)",http://fsmlaw.org/yap/code/title13/T13_Ch01.htm  ,,,
Zambia,ZMB,ZMB,AFR,LIC,19473125,National,2018,1/1/18,N/A,N/A,Excise,Specific,Volume,N/A,Sweetened waters under HS2202,1,0,1,0,0,0,1,0,"Unsweetened waters, juices",0,N/A,0,0,0,0,0,K0.30/ltr (or onesixth (5 ngwee per liter) when locally manufactured),1,Customs and Excise Amendment Act No. 19 of 2018,https://www.parliament.gov.zm/sites/default/files/documents/acts/Act%20%20-%20The%20Customs%20and%20Excise%20(amendment)%20%20Act%20No.%2019%20of%202018.pdf,https://www.zra.org.zm/wp-content/uploads/2020/07/Excise.pdf ,,